Date,Price,Open,High,Low,Change_Percent
2025-02-25,65.49,65.49,65.49,65.49,-3.35
2025-02-24,67.76,67.76,67.76,67.76,-0.44
2025-02-21,68.06,68.06,68.06,68.06,-2.34
2025-02-20,69.69,69.69,69.69,69.69,0.14
2025-02-19,69.59,69.59,69.59,69.59,1.28
2025-02-18,68.71,68.71,68.71,68.71,1.36
2025-02-17,67.79,67.79,67.79,67.79,0.12
2025-02-14,67.71,67.71,67.71,67.71,-1.54
2025-02-13,68.77,68.77,68.77,68.77,-1.77
2025-02-12,70.01,70.01,70.01,70.01,-0.86
2025-02-11,70.62,70.62,70.62,70.62,3.4
2025-02-10,68.3,68.3,68.3,68.3,0.22
2025-02-07,68.15,68.15,68.15,68.15,-0.25
2025-02-06,68.32,68.32,68.32,68.32,-0.31
2025-02-05,68.53,68.53,68.53,68.53,-2.17
2025-02-04,70.05,70.05,70.05,70.05,2.25
2025-02-03,68.51,68.51,68.51,68.51,-2.3
2025-01-31,70.12,70.12,70.12,70.12,-0.4
2025-01-30,70.4,70.4,70.4,70.4,-0.09
2025-01-29,70.46,70.46,70.46,70.46,0.57
2025-01-28,70.06,70.06,70.06,70.06,-0.14
2025-01-27,70.16,70.16,70.16,70.16,-1.56
2025-01-24,71.27,71.27,71.27,71.27,-0.22
2025-01-23,71.43,71.43,71.43,71.43,-1.68
2025-01-22,72.65,72.65,72.65,72.65,-0.71
2025-01-21,73.17,73.17,73.17,73.17,-1.4
2025-01-20,74.21,74.21,74.21,74.21,-3.52
2025-01-17,76.92,76.92,76.92,76.92,0.83
2025-01-16,76.29,76.29,76.29,76.29,-1.41
2025-01-15,77.38,77.38,77.38,77.38,1.43
2025-01-14,76.29,76.29,76.29,76.29,-0.43
2025-01-13,76.62,76.62,76.62,76.62,3.99
2025-01-10,73.68,73.68,73.68,73.68,1.85
2025-01-09,72.34,72.34,72.34,72.34,1.5
2025-01-08,71.27,71.27,71.27,71.27,-0.68
2025-01-07,71.76,71.76,71.76,71.76,0.83
2025-01-06,71.17,71.17,71.17,71.17,0.78
2025-01-03,70.62,70.62,70.62,70.62,0.83
2025-01-02,70.04,70.04,70.04,70.04,2.23
2024-12-31,68.51,68.51,68.51,68.51,0.5
2024-12-30,68.17,68.17,68.17,68.17,0.69
2024-12-27,67.7,67.7,67.7,67.7,0.4
2024-12-24,67.43,67.43,67.43,67.43,2.09
2024-12-23,66.05,66.05,66.05,66.05,-1.59
2024-12-20,67.12,67.12,67.12,67.12,-0.83
2024-12-19,67.68,67.68,67.68,67.68,-1.2
2024-12-18,68.5,68.5,68.5,68.5,2.1
2024-12-17,67.09,67.09,67.09,67.09,-0.73
2024-12-16,67.58,67.58,67.58,67.58,-1.07
2024-12-13,68.31,68.31,68.31,68.31,2.06
2024-12-12,66.93,66.93,66.93,66.93,-1.27
2024-12-11,67.79,67.79,67.79,67.79,1.3
2024-12-10,66.92,66.92,66.92,66.92,-0.12
2024-12-09,67.0,67.0,67.0,67.0,1.22
2024-12-06,66.19,66.19,66.19,66.19,-1.5
2024-12-05,67.2,67.2,67.2,67.2,-1.16
2024-12-04,67.99,67.99,67.99,67.99,-0.18
2024-12-03,68.11,68.11,68.11,68.11,3.07
2024-12-02,66.08,66.08,66.08,66.08,-2.06
2024-11-29,67.47,67.47,67.47,67.47,0.33
2024-11-28,67.25,67.25,67.25,67.25,0.09
2024-11-27,67.19,67.19,67.19,67.19,-0.96
2024-11-26,67.84,67.84,67.84,67.84,0.46
2024-11-25,67.53,67.53,67.53,67.53,-2.67
2024-11-22,69.38,69.38,69.38,69.38,1.37
2024-11-21,68.44,68.44,68.44,68.44,1.12
2024-11-20,67.68,67.68,67.68,67.68,-0.13
2024-11-19,67.77,67.77,67.77,67.77,-0.04
2024-11-18,67.8,67.8,67.8,67.8,1.36
2024-11-15,66.89,66.89,66.89,66.89,0.07
2024-11-14,66.84,66.84,66.84,66.84,0.8
2024-11-13,66.31,66.31,66.31,66.31,0.45
2024-11-12,66.01,66.01,66.01,66.01,0.5
2024-11-11,65.68,65.68,65.68,65.68,-2.74
2024-11-08,67.53,67.53,67.53,67.53,-2.48
2024-11-07,69.25,69.25,69.25,69.25,-1.13
2024-11-06,70.04,70.04,70.04,70.04,-0.65
2024-11-05,70.5,70.5,70.5,70.5,2.99
2024-11-04,68.45,68.45,68.45,68.45,2.06
2024-11-01,67.07,67.07,67.07,67.07,0.55
2024-10-31,66.7,66.7,66.7,66.7,0.06
2024-10-30,66.66,66.66,66.66,66.66,3.22
2024-10-29,64.58,64.58,64.58,64.58,-0.81
2024-10-28,65.11,65.11,65.11,65.11,-5.56
2024-10-25,68.94,68.94,68.94,68.94,2.01
2024-10-24,67.58,67.58,67.58,67.58,-0.31
2024-10-23,67.79,67.79,67.79,67.79,-1.75
2024-10-22,69.0,69.0,69.0,69.0,3.45
2024-10-21,66.7,66.7,66.7,66.7,0.82
2024-10-18,66.16,66.16,66.16,66.16,-2.09
2024-10-17,67.57,67.57,67.57,67.57,1.12
2024-10-16,66.82,66.82,66.82,66.82,0.01
2024-10-15,66.81,66.81,66.81,66.81,-6.69
2024-10-14,71.6,71.6,71.6,71.6,-2.45
2024-10-11,73.4,73.4,73.4,73.4,0.99
2024-10-10,72.68,72.68,72.68,72.68,3.4
2024-10-09,70.29,70.29,70.29,70.29,-1.44
2024-10-08,71.32,71.32,71.32,71.32,-5.82
2024-10-07,75.73,75.73,75.73,75.73,3.32
2024-10-04,73.3,73.3,73.3,73.3,2.43
2024-10-03,71.56,71.56,71.56,71.56,3.94
2024-10-02,68.85,68.85,68.85,68.85,-0.61
2024-10-01,69.27,69.27,69.27,69.27,4.26
2024-09-30,66.44,66.44,66.44,66.44,1.1
2024-09-27,65.72,65.72,65.72,65.72,-2.13
2024-09-26,67.15,67.15,67.15,67.15,-3.37
2024-09-25,69.49,69.49,69.49,69.49,0.4
2024-09-24,69.21,69.21,69.21,69.21,0.49
2024-09-23,68.87,68.87,68.87,68.87,-1.45
2024-09-20,69.88,69.88,69.88,69.88,0.04
2024-09-19,69.85,69.85,69.85,69.85,2.06
2024-09-18,68.44,68.44,68.44,68.44,-0.04
2024-09-17,68.47,68.47,68.47,68.47,0.9
2024-09-16,67.86,67.86,67.86,67.86,0.37
2024-09-13,67.61,67.61,67.61,67.61,-0.18
2024-09-12,67.73,67.73,67.73,67.73,5.45
2024-09-11,64.23,64.23,64.23,64.23,-0.05
2024-09-10,64.26,64.26,64.26,64.26,-3.06
2024-09-09,66.29,66.29,66.29,66.29,-15.91
2024-09-06,78.83,78.83,78.83,78.83,14.35
2024-09-05,68.94,68.94,68.94,68.94,-0.29
2024-09-04,69.14,69.14,69.14,69.14,-2.52
2024-09-03,70.93,70.93,70.93,70.93,-1.07
2024-09-02,71.7,71.7,71.7,71.7,-3.21
2024-08-30,74.08,74.08,74.08,74.08,-1.79
2024-08-29,75.43,75.43,75.43,75.43,2.08
2024-08-28,73.89,73.89,73.89,73.89,-1.99
2024-08-27,75.39,75.39,75.39,75.39,1.6
2024-08-23,74.2,74.2,74.2,74.2,2.09
2024-08-22,72.68,72.68,72.68,72.68,0.04
2024-08-21,72.65,72.65,72.65,72.65,-0.11
2024-08-20,72.73,72.73,72.73,72.73,-2.99
2024-08-19,74.97,74.97,74.97,74.97,-0.62
2024-08-16,75.44,75.44,75.44,75.44,-1.99
2024-08-15,76.97,76.97,76.97,76.97,1.24
2024-08-14,76.03,76.03,76.03,76.03,-0.47
2024-08-13,76.39,76.39,76.39,76.39,-0.71
2024-08-12,76.94,76.94,76.94,76.94,2.66
2024-08-09,74.95,74.95,74.95,74.95,0.42
2024-08-08,74.64,74.64,74.64,74.64,3.47
2024-08-07,72.14,72.14,72.14,72.14,2.33
2024-08-06,70.5,70.5,70.5,70.5,-1.26
2024-08-05,71.4,71.4,71.4,71.4,-1.15
2024-08-02,72.23,72.23,72.23,72.23,-4.01
2024-08-01,75.25,75.25,75.25,75.25,-0.03
2024-07-31,75.27,75.27,75.27,75.27,2.91
2024-07-30,73.14,73.14,73.14,73.14,-2.56
2024-07-29,75.06,75.06,75.06,75.06,-0.54
2024-07-26,75.47,75.47,75.47,75.47,-1.6
2024-07-25,76.7,76.7,76.7,76.7,-0.56
2024-07-24,77.13,77.13,77.13,77.13,1.03
2024-07-23,76.34,76.34,76.34,76.34,-1.57
2024-07-22,77.56,77.56,77.56,77.56,-2.19
2024-07-19,79.3,79.3,79.3,79.3,-1.34
2024-07-18,80.38,80.38,80.38,80.38,0.64
2024-07-17,79.87,79.87,79.87,79.87,-1.05
2024-07-16,80.72,80.72,80.72,80.72,0.22
2024-07-15,80.54,80.54,80.54,80.54,-1.14
2024-07-12,81.47,81.47,81.47,81.47,2.5
2024-07-11,79.48,79.48,79.48,79.48,-0.13
2024-07-10,79.58,79.58,79.58,79.58,0.06
2024-07-09,79.53,79.53,79.53,79.53,-0.85
2024-07-08,80.21,80.21,80.21,80.21,-1.88
2024-07-05,81.75,81.75,81.75,81.75,0.43
2024-07-04,81.4,81.4,81.4,81.4,0.11
2024-07-03,81.31,81.31,81.31,81.31,-0.04
2024-07-02,81.34,81.34,81.34,81.34,2.15
2024-07-01,79.63,79.63,79.63,79.63,-0.86
2024-06-28,80.32,80.32,80.32,80.32,0.34
2024-06-27,80.05,80.05,80.05,80.05,1.56
2024-06-26,78.82,78.82,78.82,78.82,-1.31
2024-06-25,79.87,79.87,79.87,79.87,0.08
2024-06-24,79.81,79.81,79.81,79.81,0.42
2024-06-21,79.48,79.48,79.48,79.48,0.63
2024-06-20,78.98,78.98,78.98,78.98,0.36
2024-06-19,78.7,78.7,78.7,78.7,1.09
2024-06-18,77.85,77.85,77.85,77.85,3.1
2024-06-17,75.51,75.51,75.51,75.51,2.65
2024-06-14,73.56,73.56,73.56,73.56,0.07
2024-06-13,73.51,73.51,73.51,73.51,1.27
2024-06-12,72.59,72.59,72.59,72.59,0.46
2024-06-11,72.26,72.26,72.26,72.26,0.78
2024-06-10,71.7,71.7,71.7,71.7,2.09
2024-06-07,70.23,70.23,70.23,70.23,0.72
2024-06-06,69.73,69.73,69.73,69.73,3.27
2024-06-05,67.52,67.52,67.52,67.52,0.12
2024-06-04,67.44,67.44,67.44,67.44,-1.58
2024-06-03,68.52,68.52,68.52,68.52,-4.14
2024-05-31,71.48,71.48,71.48,71.48,-2.74
2024-05-30,73.49,73.49,73.49,73.49,-0.12
2024-05-29,73.58,73.58,73.58,73.58,0.78
2024-05-28,73.01,73.01,73.01,73.01,3.63
2024-05-24,70.45,70.45,70.45,70.45,-0.47
2024-05-23,70.78,70.78,70.78,70.78,-0.91
2024-05-22,71.43,71.43,71.43,71.43,-1.81
2024-05-21,72.75,72.75,72.75,72.75,-0.9
2024-05-20,73.41,73.41,73.41,73.41,-0.11
2024-05-17,73.49,73.49,73.49,73.49,0.81
2024-05-16,72.9,72.9,72.9,72.9,2.34
2024-05-15,71.23,71.23,71.23,71.23,-1.41
2024-05-14,72.25,72.25,72.25,72.25,-2.97
2024-05-13,74.46,74.46,74.46,74.46,-0.28
2024-05-10,74.67,74.67,74.67,74.67,0.12
2024-05-09,74.58,74.58,74.58,74.58,1.14
2024-05-08,73.74,73.74,73.74,73.74,-0.34
2024-05-07,73.99,73.99,73.99,73.99,-2.79
2024-05-02,76.11,76.11,76.11,76.11,1.67
2024-05-01,74.86,74.86,74.86,74.86,-5.87
2024-04-30,79.53,79.53,79.53,79.53,-0.28
2024-04-29,79.75,79.75,79.75,79.75,-1.88
2024-04-26,81.28,81.28,81.28,81.28,2.33
2024-04-25,79.43,79.43,79.43,79.43,-1.13
2024-04-24,80.34,80.34,80.34,80.34,0.88
2024-04-23,79.64,79.64,79.64,79.64,1.28
2024-04-22,78.63,78.63,78.63,78.63,-0.83
2024-04-19,79.29,79.29,79.29,79.29,-0.56
2024-04-18,79.74,79.74,79.74,79.74,-1.48
2024-04-17,80.94,80.94,80.94,80.94,-2.12
2024-04-16,82.69,82.69,82.69,82.69,0.67
2024-04-15,82.14,82.14,82.14,82.14,-2.69
2024-04-12,84.41,84.41,84.41,84.41,2.01
2024-04-11,82.75,82.75,82.75,82.75,-0.1
2024-04-10,82.83,82.83,82.83,82.83,-0.67
2024-04-09,83.39,83.39,83.39,83.39,0.48
2024-04-08,82.99,82.99,82.99,82.99,-1.28
2024-04-05,84.07,84.07,84.07,84.07,3.05
2024-04-04,81.58,81.58,81.58,81.58,-0.32
2024-04-03,81.84,81.84,81.84,81.84,3.74
2024-04-02,78.89,78.89,78.89,78.89,1.89
2024-03-28,77.43,77.43,77.43,77.43,1.61
2024-03-27,76.2,76.2,76.2,76.2,-1.26
2024-03-26,77.17,77.17,77.17,77.17,-0.31
2024-03-25,77.41,77.41,77.41,77.41,1.72
2024-03-22,76.1,76.1,76.1,76.1,-0.07
2024-03-21,76.15,76.15,76.15,76.15,-1.1
2024-03-20,77.0,77.0,77.0,77.0,-2.02
2024-03-19,78.59,78.59,78.59,78.59,1.15
2024-03-18,77.7,77.7,77.7,77.7,1.41
2024-03-15,76.62,76.62,76.62,76.62,-0.99
2024-03-14,77.39,77.39,77.39,77.39,2.94
2024-03-13,75.18,75.18,75.18,75.18,0.35
2024-03-12,74.92,74.92,74.92,74.92,0.29
2024-03-11,74.7,74.7,74.7,74.7,-1.09
2024-03-08,75.52,75.52,75.52,75.52,-0.81
2024-03-07,76.14,76.14,76.14,76.14,-2.21
2024-03-06,77.86,77.86,77.86,77.86,1.01
2024-03-05,77.08,77.08,77.08,77.08,-0.96
2024-03-04,77.83,77.83,77.83,77.83,4.0
2024-03-01,74.84,74.84,74.84,74.84,0.34
2024-02-29,74.59,74.59,74.59,74.59,0.67
2024-02-28,74.09,74.09,74.09,74.09,0.37
2024-02-27,73.82,73.82,73.82,73.82,-0.61
2024-02-26,74.27,74.27,74.27,74.27,-0.23
2024-02-23,74.44,74.44,74.44,74.44,-2.25
2024-02-22,76.15,76.15,76.15,76.15,1.44
2024-02-21,75.07,75.07,75.07,75.07,-0.01
2024-02-20,75.08,75.08,75.08,75.08,-0.98
2024-02-19,75.82,75.82,75.82,75.82,0.85
2024-02-16,75.18,75.18,75.18,75.18,0.71
2024-02-15,74.65,74.65,74.65,74.65,1.41
2024-02-14,73.61,73.61,73.61,73.61,-0.43
2024-02-13,73.93,73.93,73.93,73.93,1.23
2024-02-12,73.03,73.03,73.03,73.03,0.34
2024-02-09,72.78,72.78,72.78,72.78,0.79
2024-02-08,72.21,72.21,72.21,72.21,2.6
2024-02-07,70.38,70.38,70.38,70.38,1.03
2024-02-06,69.66,69.66,69.66,69.66,1.65
2024-02-05,68.53,68.53,68.53,68.53,-0.35
2024-02-02,68.77,68.77,68.77,68.77,-3.72
2024-02-01,71.43,71.43,71.43,71.43,-1.08
2024-01-31,72.21,72.21,72.21,72.21,-1.61
2024-01-30,73.39,73.39,73.39,73.39,0.18
2024-01-29,73.26,73.26,73.26,73.26,0.9
2024-01-26,72.61,72.61,72.61,72.61,1.37
2024-01-25,71.63,71.63,71.63,71.63,0.15
2024-01-24,71.52,71.52,71.52,71.52,0.06
2024-01-23,71.48,71.48,71.48,71.48,12.21
2024-01-22,63.7,63.7,63.7,63.7,1.58
2024-01-19,62.71,62.71,62.71,62.71,-0.52
2024-01-18,63.04,63.04,63.04,63.04,3.53
2024-01-17,60.89,60.89,60.89,60.89,-2.03
2024-01-16,62.15,62.15,62.15,62.15,0.63
2024-01-15,61.76,61.76,61.76,61.76,-0.19
2024-01-12,61.88,61.88,61.88,61.88,-0.48
2024-01-11,62.18,62.18,62.18,62.18,2.83
2024-01-10,60.47,60.47,60.47,60.47,0.83
2024-01-09,59.97,59.97,59.97,59.97,4.35
2024-01-08,57.47,57.47,57.47,57.47,-4.71
2024-01-05,60.31,60.31,60.31,60.31,4.38
2024-01-04,57.78,57.78,57.78,57.78,-2.37
2024-01-03,59.18,59.18,59.18,59.18,1.63
2024-01-02,58.23,58.23,58.23,58.23,-2.46
2023-12-29,59.7,59.7,59.7,59.7,-2.2
2023-12-28,61.04,61.04,61.04,61.04,-3.06
2023-12-27,62.97,62.97,62.97,62.97,1.19
2023-12-22,62.23,62.23,62.23,62.23,-0.73
2023-12-21,62.69,62.69,62.69,62.69,-0.68
2023-12-20,63.12,63.12,63.12,63.12,2.1
2023-12-19,61.82,61.82,61.82,61.82,1.53
2023-12-18,60.89,60.89,60.89,60.89,3.48
2023-12-15,58.84,58.84,58.84,58.84,-0.36
2023-12-14,59.05,59.05,59.05,59.05,5.18
2023-12-13,56.14,56.14,56.14,56.14,0.05
2023-12-12,56.11,56.11,56.11,56.11,-2.84
2023-12-11,57.75,57.75,57.75,57.75,-0.41
2023-12-08,57.99,57.99,57.99,57.99,2.67
2023-12-07,56.48,56.48,56.48,56.48,-0.46
2023-12-06,56.74,56.74,56.74,56.74,-5.97
2023-12-05,60.34,60.34,60.34,60.34,-0.23
2023-12-04,60.48,60.48,60.48,60.48,-4.14
2023-12-01,63.09,63.09,63.09,63.09,-2.34
2023-11-30,64.6,64.6,64.6,64.6,0.76
2023-11-29,64.11,64.11,64.11,64.11,0.28
2023-11-28,63.93,63.93,63.93,63.93,3.21
2023-11-27,61.94,61.94,61.94,61.94,-2.69
2023-11-24,63.65,63.65,63.65,63.65,1.71
2023-11-23,62.58,62.58,62.58,62.58,2.41
2023-11-22,61.11,61.11,61.11,61.11,-4.17
2023-11-21,63.77,63.77,63.77,63.77,-5.68
2023-11-20,67.61,67.61,67.61,67.61,5.07
2023-11-17,64.35,64.35,64.35,64.35,1.98
2023-11-16,63.1,63.1,63.1,63.1,-7.01
2023-11-15,67.86,67.86,67.86,67.86,-3.24
2023-11-14,70.13,70.13,70.13,70.13,1.64
2023-11-13,69.0,69.0,69.0,69.0,-0.81
2023-11-10,69.56,69.56,69.56,69.56,1.61
2023-11-09,68.46,68.46,68.46,68.46,0.07
2023-11-08,68.41,68.41,68.41,68.41,-2.91
2023-11-07,70.46,70.46,70.46,70.46,-4.84
2023-11-06,74.04,74.04,74.04,74.04,0.33
2023-11-03,73.8,73.8,73.8,73.8,-0.89
2023-11-02,74.46,74.46,74.46,74.46,0.24
2023-11-01,74.28,74.28,74.28,74.28,-2.01
2023-10-31,75.8,75.8,75.8,75.8,1.96
2023-10-30,74.34,74.34,74.34,74.34,-0.63
2023-10-27,74.81,74.81,74.81,74.81,-0.52
2023-10-26,75.2,75.2,75.2,75.2,1.03
2023-10-25,74.43,74.43,74.43,74.43,1.0
2023-10-24,73.69,73.69,73.69,73.69,-7.24
2023-10-23,79.44,79.44,79.44,79.44,-1.85
2023-10-20,80.94,80.94,80.94,80.94,3.6
2023-10-19,78.13,78.13,78.13,78.13,0.54
2023-10-18,77.71,77.71,77.71,77.71,1.52
2023-10-17,76.55,76.55,76.55,76.55,-1.42
2023-10-16,77.65,77.65,77.65,77.65,-1.71
2023-10-13,79.0,79.0,79.0,79.0,5.28
2023-10-12,75.04,75.04,75.04,75.04,2.49
2023-10-11,73.22,73.22,73.22,73.22,-4.28
2023-10-10,76.49,76.49,76.49,76.49,-0.77
2023-10-09,77.08,77.08,77.08,77.08,4.63
2023-10-06,73.67,73.67,73.67,73.67,-1.42
2023-10-05,74.73,74.73,74.73,74.73,-3.95
2023-10-04,77.8,77.8,77.8,77.8,-3.45
2023-10-03,80.58,80.58,80.58,80.58,4.41
2023-10-02,77.18,77.18,77.18,77.18,-5.9
2023-09-29,82.02,82.02,82.02,82.02,-1.57
2023-09-28,83.33,83.33,83.33,83.33,-0.22
2023-09-27,83.51,83.51,83.51,83.51,6.83
2023-09-26,78.17,78.17,78.17,78.17,0.59
2023-09-25,77.71,77.71,77.71,77.71,-0.87
2023-09-22,78.39,78.39,78.39,78.39,-0.25
2023-09-21,78.59,78.59,78.59,78.59,-2.84
2023-09-20,80.89,80.89,80.89,80.89,0.0
2023-09-19,80.89,80.89,80.89,80.89,0.82
2023-09-18,80.23,80.23,80.23,80.23,1.2
2023-09-15,79.28,79.28,79.28,79.28,0.76
2023-09-14,78.68,78.68,78.68,78.68,1.96
2023-09-13,77.17,77.17,77.17,77.17,-0.72
2023-09-12,77.73,77.73,77.73,77.73,2.55
2023-09-11,75.8,75.8,75.8,75.8,-0.32
2023-09-08,76.04,76.04,76.04,76.04,0.52
2023-09-07,75.65,75.65,75.65,75.65,0.49
2023-09-06,75.28,75.28,75.28,75.28,-0.73
2023-09-05,75.83,75.83,75.83,75.83,2.06
2023-09-04,74.3,74.3,74.3,74.3,1.42
2023-09-01,73.26,73.26,73.26,73.26,3.01
2023-08-31,71.12,71.12,71.12,71.12,1.77
2023-08-30,69.88,69.88,69.88,69.88,0.11
2023-08-29,69.8,69.8,69.8,69.8,1.01
2023-08-28,69.1,69.1,69.1,69.1,0.0
2023-08-25,69.1,69.1,69.1,69.1,1.83
2023-08-24,67.86,67.86,67.86,67.86,-0.18
2023-08-23,67.98,67.98,67.98,67.98,-1.31
2023-08-22,68.88,68.88,68.88,68.88,-1.8
2023-08-21,70.14,70.14,70.14,70.14,0.86
2023-08-18,69.54,69.54,69.54,69.54,-1.84
2023-08-17,70.84,70.84,70.84,70.84,-0.13
2023-08-16,70.93,70.93,70.93,70.93,-0.3
2023-08-15,71.14,71.14,71.14,71.14,-2.05
2023-08-14,72.63,72.63,72.63,72.63,-0.75
2023-08-11,73.18,73.18,73.18,73.18,0.05
2023-08-10,73.14,73.14,73.14,73.14,-0.8
2023-08-09,73.73,73.73,73.73,73.73,2.69
2023-08-08,71.8,71.8,71.8,71.8,0.55
2023-08-07,71.41,71.41,71.41,71.41,-0.9
2023-08-04,72.06,72.06,72.06,72.06,1.77
2023-08-03,70.81,70.81,70.81,70.81,2.56
2023-08-02,69.04,69.04,69.04,69.04,-1.69
2023-08-01,70.23,70.23,70.23,70.23,0.0
2023-07-31,70.23,70.23,70.23,70.23,2.38
2023-07-28,68.6,68.6,68.6,68.6,-0.65
2023-07-27,69.05,69.05,69.05,69.05,0.38
2023-07-26,68.79,68.79,68.79,68.79,1.46
2023-07-25,67.8,67.8,67.8,67.8,0.58
2023-07-24,67.41,67.41,67.41,67.41,3.04
2023-07-21,65.42,65.42,65.42,65.42,1.76
2023-07-20,64.29,64.29,64.29,64.29,-1.7
2023-07-19,65.4,65.4,65.4,65.4,4.51
2023-07-18,62.58,62.58,62.58,62.58,1.74
2023-07-17,61.51,61.51,61.51,61.51,-2.75
2023-07-14,63.25,63.25,63.25,63.25,-0.53
2023-07-13,63.59,63.59,63.59,63.59,0.57
2023-07-12,63.23,63.23,63.23,63.23,1.57
2023-07-11,62.25,62.25,62.25,62.25,1.17
2023-07-10,61.53,61.53,61.53,61.53,1.2
2023-07-07,60.8,60.8,60.8,60.8,3.95
2023-07-06,58.49,58.49,58.49,58.49,-1.91
2023-07-05,59.63,59.63,59.63,59.63,0.76
2023-07-04,59.18,59.18,59.18,59.18,0.97
2023-07-03,58.61,58.61,58.61,58.61,1.98
2023-06-30,57.47,57.47,57.47,57.47,2.37
2023-06-29,56.14,56.14,56.14,56.14,-0.46
2023-06-28,56.4,56.4,56.4,56.4,2.34
2023-06-27,55.11,55.11,55.11,55.11,-1.13
2023-06-26,55.74,55.74,55.74,55.74,0.7
2023-06-23,55.35,55.35,55.35,55.35,-1.28
2023-06-22,56.07,56.07,56.07,56.07,-4.58
2023-06-21,58.76,58.76,58.76,58.76,3.18
2023-06-20,56.95,56.95,56.95,56.95,-1.96
2023-06-19,58.09,58.09,58.09,58.09,0.45
2023-06-16,57.83,57.83,57.83,57.83,1.56
2023-06-15,56.94,56.94,56.94,56.94,3.19
2023-06-14,55.18,55.18,55.18,55.18,0.13
2023-06-13,55.11,55.11,55.11,55.11,2.82
2023-06-12,53.6,53.6,53.6,53.6,-6.13
2023-06-09,57.1,57.1,57.1,57.1,-0.1
2023-06-08,57.16,57.16,57.16,57.16,-1.79
2023-06-07,58.2,58.2,58.2,58.2,1.52
2023-06-06,57.33,57.33,57.33,57.33,-1.61
2023-06-05,58.27,58.27,58.27,58.27,2.71
2023-06-02,56.73,56.73,56.73,56.73,2.31
2023-06-01,55.45,55.45,55.45,55.45,3.45
2023-05-31,53.6,53.6,53.6,53.6,-2.72
2023-05-30,55.1,55.1,55.1,55.1,-3.96
2023-05-29,57.37,57.37,57.37,57.37,0.0
2023-05-26,57.37,57.37,57.37,57.37,1.4
2023-05-25,56.58,56.58,56.58,56.58,-3.68
2023-05-24,58.74,58.74,58.74,58.74,1.35
2023-05-23,57.96,57.96,57.96,57.96,2.08
2023-05-22,56.78,56.78,56.78,56.78,0.53
2023-05-19,56.48,56.48,56.48,56.48,-0.67
2023-05-18,56.86,56.86,56.86,56.86,-0.46
2023-05-17,57.12,57.12,57.12,57.12,1.69
2023-05-16,56.17,56.17,56.17,56.17,-0.51
2023-05-15,56.46,56.46,56.46,56.46,0.75
2023-05-12,56.04,56.04,56.04,56.04,-1.72
2023-05-11,57.02,57.02,57.02,57.02,-1.94
2023-05-10,58.15,58.15,58.15,58.15,2.94
2023-05-09,56.49,56.49,56.49,56.49,-3.49
2023-05-08,58.53,58.53,58.53,58.53,3.45
2023-05-05,56.58,56.58,56.58,56.58,4.68
2023-05-04,54.05,54.05,54.05,54.05,0.95
2023-05-03,53.54,53.54,53.54,53.54,-7.91
2023-05-02,58.14,58.14,58.14,58.14,-6.53
2023-05-01,62.2,62.2,62.2,62.2,0.0
2023-04-28,62.2,62.2,62.2,62.2,4.03
2023-04-27,59.79,59.79,59.79,59.79,-3.32
2023-04-26,61.84,61.84,61.84,61.84,-0.45
2023-04-25,62.12,62.12,62.12,62.12,-2.83
2023-04-24,63.93,63.93,63.93,63.93,0.92
2023-04-21,63.35,63.35,63.35,63.35,-0.08
2023-04-20,63.4,63.4,63.4,63.4,-3.9
2023-04-19,65.97,65.97,65.97,65.97,0.41
2023-04-18,65.7,65.7,65.7,65.7,-0.14
2023-04-17,65.79,65.79,65.79,65.79,-2.43
2023-04-14,67.43,67.43,67.43,67.43,0.18
2023-04-13,67.31,67.31,67.31,67.31,-1.19
2023-04-12,68.12,68.12,68.12,68.12,2.17
2023-04-11,66.67,66.67,66.67,66.67,0.53
2023-04-07,66.32,66.32,66.32,66.32,0.0
2023-04-06,66.32,66.32,66.32,66.32,1.25
2023-04-05,65.5,65.5,65.5,65.5,1.9
2023-04-04,64.28,64.28,64.28,64.28,-0.57
2023-04-03,64.65,64.65,64.65,64.65,10.51
2023-03-31,58.5,58.5,58.5,58.5,1.83
2023-03-30,57.45,57.45,57.45,57.45,0.31
2023-03-29,57.27,57.27,57.27,57.27,0.6
2023-03-28,56.93,56.93,56.93,56.93,9.38
2023-03-27,52.05,52.05,52.05,52.05,4.25
2023-03-24,49.93,49.93,49.93,49.93,-5.18
2023-03-23,52.66,52.66,52.66,52.66,-0.09
2023-03-22,52.71,52.71,52.71,52.71,2.91
2023-03-21,51.22,51.22,51.22,51.22,5.8
2023-03-20,48.41,48.41,48.41,48.41,-0.94
2023-03-17,48.87,48.87,48.87,48.87,-2.04
2023-03-16,49.89,49.89,49.89,49.89,1.92
2023-03-15,48.95,48.95,48.95,48.95,-12.23
2023-03-14,55.77,55.77,55.77,55.77,-3.76
2023-03-13,57.95,57.95,57.95,57.95,-2.11
2023-03-10,59.2,59.2,59.2,59.2,-0.67
2023-03-09,59.6,59.6,59.6,59.6,0.91
2023-03-08,59.06,59.06,59.06,59.06,-2.94
2023-03-07,60.85,60.85,60.85,60.85,-2.84
2023-03-06,62.63,62.63,62.63,62.63,0.76
2023-03-03,62.16,62.16,62.16,62.16,1.37
2023-03-02,61.32,61.32,61.32,61.32,2.39
2023-03-01,59.89,59.89,59.89,59.89,-0.63
2023-02-28,60.27,60.27,60.27,60.27,11.12
2023-02-27,54.24,54.24,54.24,54.24,-1.09
2023-02-24,54.84,54.84,54.84,54.84,0.51
2023-02-23,54.56,54.56,54.56,54.56,2.5
2023-02-22,53.23,53.23,53.23,53.23,-3.52
2023-02-21,55.17,55.17,55.17,55.17,-0.22
2023-02-20,55.29,55.29,55.29,55.29,0.69
2023-02-17,54.91,54.91,54.91,54.91,-3.85
2023-02-16,57.11,57.11,57.11,57.11,1.8
2023-02-15,56.1,56.1,56.1,56.1,-2.72
2023-02-14,57.67,57.67,57.67,57.67,-1.4
2023-02-13,58.49,58.49,58.49,58.49,0.1
2023-02-10,58.43,58.43,58.43,58.43,4.28
2023-02-09,56.03,56.03,56.03,56.03,-0.11
2023-02-08,56.09,56.09,56.09,56.09,1.76
2023-02-07,55.12,55.12,55.12,55.12,4.75
2023-02-06,52.62,52.62,52.62,52.62,-1.86
2023-02-03,53.62,53.62,53.62,53.62,0.11
2023-02-02,53.56,53.56,53.56,53.56,-4.66
2023-02-01,56.18,56.18,56.18,56.18,0.23
2023-01-31,56.05,56.05,56.05,56.05,-2.71
2023-01-30,57.61,57.61,57.61,57.61,-1.47
2023-01-27,58.47,58.47,58.47,58.47,-1.6
2023-01-26,59.42,59.42,59.42,59.42,1.85
2023-01-25,58.34,58.34,58.34,58.34,-0.8
2023-01-24,58.81,58.81,58.81,58.81,-4.03
2023-01-23,61.28,61.28,61.28,61.28,3.43
2023-01-20,59.25,59.25,59.25,59.25,3.1
2023-01-19,57.47,57.47,57.47,57.47,-2.46
2023-01-18,58.92,58.92,58.92,58.92,3.62
2023-01-17,56.86,56.86,56.86,56.86,2.27
2023-01-16,55.6,55.6,55.6,55.6,-0.98
2023-01-13,56.15,56.15,56.15,56.15,0.48
2023-01-12,55.88,55.88,55.88,55.88,4.59
2023-01-11,53.43,53.43,53.43,53.43,4.64
2023-01-10,51.06,51.06,51.06,51.06,-2.67
2023-01-09,52.46,52.46,52.46,52.46,-0.21
2023-01-06,52.57,52.57,52.57,52.57,0.55
2023-01-05,52.28,52.28,52.28,52.28,3.46
2023-01-04,50.53,50.53,50.53,50.53,-10.58
2023-01-03,56.51,56.51,56.51,56.51,-4.19
2023-01-02,58.98,58.98,58.98,58.98,4.8
2022-12-30,56.28,56.28,56.28,56.28,0.97
2022-12-29,55.74,55.74,55.74,55.74,-0.13
2022-12-28,55.81,55.81,55.81,55.81,-2.07
2022-12-27,56.99,56.99,56.99,56.99,0.0
2022-12-26,56.99,56.99,56.99,56.99,0.0
2022-12-23,56.99,56.99,56.99,56.99,2.17
2022-12-22,55.78,55.78,55.78,55.78,2.4
2022-12-21,54.47,54.47,54.47,54.47,1.53
2022-12-20,53.65,53.65,53.65,53.65,-5.53
2022-12-19,56.79,56.79,56.79,56.79,3.61
2022-12-16,54.81,54.81,54.81,54.81,-4.33
2022-12-15,57.29,57.29,57.29,57.29,-1.77
2022-12-14,58.32,58.32,58.32,58.32,2.88
2022-12-13,56.69,56.69,56.69,56.69,3.52
2022-12-12,54.76,54.76,54.76,54.76,1.99
2022-12-09,53.69,53.69,53.69,53.69,1.84
2022-12-08,52.72,52.72,52.72,52.72,-3.99
2022-12-07,54.91,54.91,54.91,54.91,-4.12
2022-12-06,57.27,57.27,57.27,57.27,-7.54
2022-12-05,61.94,61.94,61.94,61.94,-2.99
2022-12-02,63.85,63.85,63.85,63.85,-8.06
2022-12-01,69.45,69.45,69.45,69.45,4.37
2022-11-30,66.54,66.54,66.54,66.54,3.32
2022-11-29,64.4,64.4,64.4,64.4,0.0
2022-11-28,64.4,64.4,64.4,64.4,-2.65
2022-11-25,66.15,66.15,66.15,66.15,-1.52
2022-11-24,67.17,67.17,67.17,67.17,0.24
2022-11-23,67.01,67.01,67.01,67.01,-5.3
2022-11-22,70.76,70.76,70.76,70.76,8.78
2022-11-21,65.05,65.05,65.05,65.05,-7.23
2022-11-18,70.12,70.12,70.12,70.12,-3.98
2022-11-17,73.03,73.03,73.03,73.03,-0.15
2022-11-16,73.14,73.14,73.14,73.14,-2.83
2022-11-15,75.27,75.27,75.27,75.27,-1.72
2022-11-14,76.59,76.59,76.59,76.59,-1.56
2022-11-11,77.8,77.8,77.8,77.8,2.6
2022-11-10,75.83,75.83,75.83,75.83,0.0
2022-11-09,75.83,75.83,75.83,75.83,-5.65
2022-11-08,80.37,80.37,80.37,80.37,-2.91
2022-11-07,82.78,82.78,82.78,82.78,3.45
2022-11-04,80.02,80.02,80.02,80.02,3.43
2022-11-03,77.37,77.37,77.37,77.37,-1.31
2022-11-02,78.4,78.4,78.4,78.4,2.18
2022-11-01,76.73,76.73,76.73,76.73,2.25
2022-10-31,75.04,75.04,75.04,75.04,-1.02
2022-10-28,75.81,75.81,75.81,75.81,0.01
2022-10-27,75.8,75.8,75.8,75.8,2.01
2022-10-26,74.31,74.31,74.31,74.31,1.6
2022-10-25,73.14,73.14,73.14,73.14,0.26
2022-10-24,72.95,72.95,72.95,72.95,0.52
2022-10-21,72.57,72.57,72.57,72.57,-2.16
2022-10-20,74.17,74.17,74.17,74.17,4.33
2022-10-19,71.09,71.09,71.09,71.09,1.67
2022-10-18,69.92,69.92,69.92,69.92,-3.65
2022-10-17,72.57,72.57,72.57,72.57,-2.51
2022-10-14,74.44,74.44,74.44,74.44,-1.94
2022-10-13,75.91,75.91,75.91,75.91,1.15
2022-10-12,75.05,75.05,75.05,75.05,-1.9
2022-10-11,76.5,76.5,76.5,76.5,-3.79
2022-10-10,79.51,79.51,79.51,79.51,-0.69
2022-10-07,80.06,80.06,80.06,80.06,4.1
2022-10-06,76.91,76.91,76.91,76.91,1.26
2022-10-05,75.95,75.95,75.95,75.95,0.85
2022-10-04,75.31,75.31,75.31,75.31,5.17
2022-10-03,71.61,71.61,71.61,71.61,1.72
2022-09-30,70.4,70.4,70.4,70.4,-0.87
2022-09-29,71.02,71.02,71.02,71.02,1.44
2022-09-28,70.01,70.01,70.01,70.01,3.92
2022-09-27,67.37,67.37,67.37,67.37,2.54
2022-09-26,65.7,65.7,65.7,65.7,-1.04
2022-09-23,66.39,66.39,66.39,66.39,-8.01
2022-09-22,72.17,72.17,72.17,72.17,1.48
2022-09-21,71.12,71.12,71.12,71.12,0.58
2022-09-20,70.71,70.71,70.71,70.71,-1.53
2022-09-19,71.81,71.81,71.81,71.81,0.0
2022-09-16,71.81,71.81,71.81,71.81,1.79
2022-09-15,70.55,70.55,70.55,70.55,-5.61
2022-09-14,74.74,74.74,74.74,74.74,2.33
2022-09-13,73.04,73.04,73.04,73.04,-3.1
2022-09-12,75.38,75.38,75.38,75.38,4.72
2022-09-09,71.98,71.98,71.98,71.98,3.15
2022-09-07,69.78,69.78,69.78,69.78,-4.59
2022-09-06,73.14,73.14,73.14,73.14,-3.75
2022-09-05,75.99,75.99,75.99,75.99,0.26
2022-09-02,75.79,75.79,75.79,75.79,2.39
2022-09-01,74.02,74.02,74.02,74.02,-5.27
2022-08-31,78.14,78.14,78.14,78.14,-4.06
2022-08-30,81.45,81.45,81.45,81.45,0.84
2022-08-29,80.77,80.77,80.77,80.77,0.0
2022-08-26,80.77,80.77,80.77,80.77,-1.44
2022-08-25,81.95,81.95,81.95,81.95,2.69
2022-08-24,79.8,79.8,79.8,79.8,-0.47
2022-08-23,80.18,80.18,80.18,80.18,7.12
2022-08-22,74.85,74.85,74.85,74.85,-4.12
2022-08-19,78.07,0.0,0.0,0.0,0.72
2022-08-18,77.51,77.51,77.51,77.51,-0.53
2022-08-17,77.92,77.92,77.92,77.92,16.16
2022-08-16,67.08,67.08,67.08,67.08,-1.58
2022-08-15,68.16,68.16,68.16,68.16,-8.53
2022-08-12,74.52,74.52,74.52,74.52,-3.85
2022-08-11,77.5,77.5,77.5,77.5,4.35
2022-08-10,74.27,74.27,74.27,74.27,-2.02
2022-08-09,75.8,75.8,75.8,75.8,1.85
2022-08-08,74.42,74.42,74.42,74.42,3.1
2022-08-05,72.18,72.18,72.18,72.18,4.79
2022-08-04,68.88,68.88,68.88,68.88,-7.84
2022-08-03,74.74,74.74,74.74,74.74,-3.44
2022-08-02,77.4,77.4,77.4,77.4,1.12
2022-08-01,76.54,76.54,76.54,76.54,-7.57
2022-07-29,82.81,82.81,82.81,82.81,1.81
2022-07-28,81.34,81.34,81.34,81.34,0.59
2022-07-27,80.86,80.86,80.86,80.86,1.81
2022-07-26,79.42,79.42,79.42,79.42,0.79
2022-07-25,78.8,78.8,78.8,78.8,-1.24
2022-07-22,79.79,79.79,79.79,79.79,-5.24
2022-07-21,84.2,84.2,84.2,84.2,-2.69
2022-07-20,86.53,86.53,86.53,86.53,2.61
2022-07-19,84.33,84.33,84.33,84.33,-4.19
2022-07-18,88.02,88.02,88.02,88.02,4.92
2022-07-15,83.89,83.89,83.89,83.89,11.27
2022-07-14,75.39,75.39,75.39,75.39,-3.52
2022-07-13,78.14,78.14,78.14,78.14,-1.36
2022-07-12,79.22,79.22,79.22,79.22,-6.96
2022-07-11,85.15,85.15,85.15,85.15,0.33
2022-07-08,84.87,84.87,84.87,84.87,-0.49
2022-07-07,85.29,85.29,85.29,85.29,6.93
2022-07-06,79.76,79.76,79.76,79.76,-2.11
2022-07-05,81.48,81.48,81.48,81.48,-12.26
2022-07-04,92.87,92.87,92.87,92.87,3.73
2022-07-01,89.53,89.53,89.53,89.53,-1.6
2022-06-30,90.99,90.99,90.99,90.99,-3.12
2022-06-29,93.92,93.92,93.92,93.92,1.71
2022-06-28,92.34,92.34,92.34,92.34,1.9
2022-06-27,90.62,90.62,90.62,90.62,1.59
2022-06-24,89.2,89.2,89.2,89.2,2.85
2022-06-23,86.73,86.73,86.73,86.73,1.06
2022-06-22,85.82,85.82,85.82,85.82,-4.25
2022-06-21,89.63,89.63,89.63,89.63,0.81
2022-06-20,88.91,88.91,88.91,88.91,-2.67
2022-06-17,91.35,91.35,91.35,91.35,-3.66
2022-06-16,94.82,94.82,94.82,94.82,-3.48
2022-06-15,98.24,98.24,98.24,98.24,-3.45
2022-06-14,101.75,101.75,101.75,101.75,3.82
2022-06-13,98.01,98.01,98.01,98.01,0.22
2022-06-10,97.79,97.79,97.79,97.79,-2.41
2022-06-09,100.2,100.2,100.2,100.2,0.98
2022-06-08,99.23,99.23,99.23,99.23,1.74
2022-06-07,97.53,97.53,97.53,97.53,1.66
2022-06-06,95.94,95.94,95.94,95.94,-0.82
2022-06-03,96.73,96.73,96.73,96.73,0.24
2022-06-02,96.5,94.53,94.53,94.53,2.08
2022-06-01,94.53,94.53,94.53,94.53,-3.57
2022-05-31,98.03,98.03,98.03,98.03,5.6
2022-05-30,92.83,92.83,92.83,92.83,2.29
2022-05-27,90.75,90.75,90.75,90.75,0.04
2022-05-26,90.71,90.71,90.71,90.71,4.11
2022-05-25,87.13,87.13,87.13,87.13,0.33
2022-05-24,86.84,86.84,86.84,86.84,0.82
2022-05-23,86.13,86.13,86.13,86.13,1.99
2022-05-20,84.45,84.45,84.45,84.45,2.71
2022-05-19,82.22,82.22,82.22,82.22,0.75
2022-05-18,81.61,81.61,81.61,81.61,-5.93
2022-05-17,86.75,86.75,86.75,86.75,3.11
2022-05-16,84.13,84.13,84.13,84.13,2.2
2022-05-13,82.32,82.32,82.32,82.32,3.31
2022-05-12,79.68,79.68,79.68,79.68,1.23
2022-05-11,78.71,78.71,78.71,78.71,4.61
2022-05-10,75.24,75.24,75.24,75.24,-3.64
2022-05-09,78.08,78.08,78.08,78.08,-8.9
2022-05-06,85.71,85.71,85.71,85.71,2.63
2022-05-05,83.51,83.51,83.51,83.51,4.47
2022-05-04,79.94,79.94,79.94,79.94,3.83
2022-05-03,76.99,76.99,76.99,76.99,-3.05
2022-05-02,79.41,79.41,79.41,79.41,0.0
2022-04-29,79.41,79.41,79.41,79.41,4.93
2022-04-28,75.68,75.68,75.68,75.68,3.13
2022-04-27,73.38,73.38,73.38,73.38,0.51
2022-04-26,73.01,73.01,73.01,73.01,7.51
2022-04-25,67.91,67.91,67.91,67.91,-11.11
2022-04-22,76.4,76.4,76.4,76.4,-2.06
2022-04-21,78.01,78.01,78.01,78.01,2.27
2022-04-20,76.28,76.28,76.28,76.28,-0.43
2022-04-19,76.61,76.61,76.61,76.61,-1.97
2022-04-18,78.15,78.15,78.15,78.15,0.0
2022-04-15,78.15,78.15,78.15,78.15,0.0
2022-04-14,78.15,78.15,78.15,78.15,0.79
2022-04-13,77.54,77.54,77.54,77.54,1.83
2022-04-12,76.15,76.15,76.15,76.15,9.52
2022-04-11,69.53,69.53,69.53,69.53,-1.92
2022-04-08,70.89,70.89,70.89,70.89,1.56
2022-04-07,69.8,69.8,69.8,69.8,-6.98
2022-04-06,75.04,75.04,75.04,75.04,-3.88
2022-04-05,78.07,78.07,78.07,78.07,-2.07
2022-04-04,79.72,79.72,79.72,79.72,-2.58
2022-04-01,81.83,81.83,81.83,81.83,-1.3
2022-03-31,82.91,82.91,82.91,82.91,-8.34
2022-03-30,90.45,90.45,90.45,90.45,4.06
2022-03-29,86.92,86.92,86.92,86.92,-3.68
2022-03-28,90.24,90.24,90.24,90.24,-7.74
2022-03-25,97.81,97.81,97.81,97.81,-2.08
2022-03-24,99.89,99.89,99.89,99.89,-1.89
2022-03-23,101.81,101.81,101.81,101.81,6.6
2022-03-22,95.51,95.51,95.51,95.51,0.22
2022-03-21,95.3,95.3,95.3,95.3,7.76
2022-03-18,88.44,88.44,88.44,88.44,0.76
2022-03-17,87.77,87.77,87.77,87.77,8.67
2022-03-16,80.77,80.77,80.77,80.77,-1.62
2022-03-15,82.1,82.1,82.1,82.1,-3.45
2022-03-14,85.03,85.03,85.03,85.03,-7.3
2022-03-11,91.73,91.73,91.73,91.73,-2.13
2022-03-10,93.73,93.73,93.73,93.73,-8.0
2022-03-09,101.88,101.88,101.88,101.88,-8.22
2022-03-08,111.01,111.01,111.01,111.01,5.49
2022-03-07,105.23,105.23,105.23,105.23,11.35
2022-03-04,94.5,94.5,94.5,94.5,-4.32
2022-03-03,98.77,98.77,98.77,98.77,-3.07
2022-03-02,101.9,101.9,101.9,101.9,3.67
2022-03-01,98.29,98.29,98.29,98.29,4.25
2022-02-28,94.28,94.28,94.28,94.28,2.65
2022-02-25,91.85,91.85,91.85,91.85,-3.31
2022-02-24,94.99,94.99,94.99,94.99,0.0
2022-02-23,94.99,94.99,94.99,94.99,0.59
2022-02-22,94.43,94.43,94.43,94.43,-1.17
2022-02-21,95.55,95.55,95.55,95.55,2.99
2022-02-18,92.78,92.78,92.78,92.78,0.98
2022-02-17,91.88,91.88,91.88,91.88,-4.12
2022-02-16,95.83,95.83,95.83,95.83,0.3
2022-02-15,95.54,95.54,95.54,95.54,-2.1
2022-02-14,97.59,97.59,97.59,97.59,4.14
2022-02-11,93.71,93.71,93.71,93.71,-1.71
2022-02-10,95.34,95.34,95.34,95.34,0.88
2022-02-09,94.51,94.51,94.51,94.51,-0.06
2022-02-08,94.57,94.57,94.57,94.57,-2.4
2022-02-07,96.9,96.9,96.9,96.9,0.66
2022-02-04,96.26,96.26,96.26,96.26,5.94
2022-02-03,90.86,90.86,90.86,90.86,1.35
2022-02-02,89.65,89.65,89.65,89.65,-0.91
2022-02-01,90.47,90.47,90.47,90.47,-1.71
2022-01-31,92.04,92.04,92.04,92.04,-0.8
2022-01-28,92.78,92.78,92.78,92.78,1.51
2022-01-27,91.4,91.4,91.4,91.4,-0.36
2022-01-26,91.73,91.73,91.73,91.73,3.54
2022-01-25,88.59,88.59,88.59,88.59,1.85
2022-01-24,86.98,86.98,86.98,86.98,-2.36
2022-01-21,89.08,89.08,89.08,89.08,-1.12
2022-01-20,90.09,90.09,90.09,90.09,0.54
2022-01-19,89.61,89.61,89.61,89.61,1.97
2022-01-18,87.88,87.88,87.88,87.88,0.85
2022-01-17,87.14,87.14,87.14,87.14,2.29
2022-01-14,85.19,85.19,85.19,85.19,0.83
2022-01-13,84.49,84.49,84.49,84.49,-0.09
2022-01-12,84.57,84.57,84.57,84.57,1.72
2022-01-11,83.14,83.14,83.14,83.14,3.2
2022-01-10,80.56,80.56,80.56,80.56,-0.58
2022-01-07,81.03,81.03,81.03,81.03,0.17
2022-01-06,80.89,80.89,80.89,80.89,1.66
2022-01-05,79.57,79.57,79.57,79.57,2.51
2022-01-04,77.62,77.62,77.62,77.62,1.32
2022-01-03,76.61,76.61,76.61,76.61,-0.25
2021-12-31,76.8,76.8,76.8,76.8,-0.08
2021-12-30,76.86,76.86,76.86,76.86,0.85
2021-12-29,76.21,76.21,76.21,76.21,3.74
2021-12-28,73.46,73.46,73.46,73.46,0.0
2021-12-27,73.46,73.46,73.46,73.46,0.0
2021-12-24,73.46,73.46,73.46,73.46,-0.81
2021-12-23,74.06,74.06,74.06,74.06,2.28
2021-12-22,72.41,72.41,72.41,72.41,2.26
2021-12-21,70.81,70.81,70.81,70.81,5.25
2021-12-20,67.28,67.28,67.28,67.28,-6.05
2021-12-17,71.61,71.61,71.61,71.61,-2.4
2021-12-16,73.37,73.37,73.37,73.37,3.0
2021-12-15,71.23,71.23,71.23,71.23,-1.0
2021-12-14,71.95,71.95,71.95,71.95,-1.4
2021-12-13,72.97,72.97,72.97,72.97,0.08
2021-12-10,72.91,72.91,72.91,72.91,-0.87
2021-12-09,73.55,73.55,73.55,73.55,-1.17
2021-12-08,74.42,74.42,74.42,74.42,-0.12
2021-12-07,74.51,74.51,74.51,74.51,5.46
2021-12-06,70.65,70.65,70.65,70.65,0.24
2021-12-03,70.48,70.48,70.48,70.48,2.19
2021-12-02,68.97,68.97,68.97,68.97,-2.24
2021-12-01,70.55,70.55,70.55,70.55,1.75
2021-11-30,69.34,69.34,69.34,69.34,-5.47
2021-11-29,73.35,73.35,73.35,73.35,2.44
2021-11-26,71.6,71.6,71.6,71.6,-11.0
2021-11-25,80.45,80.45,80.45,80.45,-1.13
2021-11-24,81.37,81.37,81.37,81.37,-0.17
2021-11-23,81.51,81.51,81.51,81.51,2.21
2021-11-22,79.75,79.75,79.75,79.75,2.01
2021-11-19,78.18,78.18,78.18,78.18,-2.8
2021-11-18,80.43,80.43,80.43,80.43,0.2
2021-11-17,80.27,80.27,80.27,80.27,-1.1
2021-11-16,81.16,81.16,81.16,81.16,2.0
2021-11-15,79.57,79.57,79.57,79.57,-2.04
2021-11-12,81.23,81.23,81.23,81.23,-0.18
2021-11-11,81.38,81.38,81.38,81.38,-1.58
2021-11-10,82.69,82.69,82.69,82.69,0.23
2021-11-09,82.5,82.5,82.5,82.5,0.57
2021-11-08,82.03,82.03,82.03,82.03,1.15
2021-11-05,81.1,81.1,81.1,81.1,1.07
2021-11-04,80.24,80.24,80.24,80.24,-0.35
2021-11-03,80.52,80.52,80.52,80.52,-3.05
2021-11-02,83.05,83.05,83.05,83.05,-0.06
2021-11-01,83.1,83.1,83.1,83.1,1.22
2021-10-29,82.1,82.1,82.1,82.1,0.72
2021-10-28,81.51,81.51,81.51,81.51,-1.91
2021-10-27,83.1,83.1,83.1,83.1,-0.81
2021-10-26,83.78,83.78,83.78,83.78,0.4
2021-10-25,83.45,83.45,83.45,83.45,0.63
2021-10-22,82.93,82.93,82.93,82.93,1.64
2021-10-21,81.59,81.59,81.59,81.59,-1.95
2021-10-20,83.21,83.21,83.21,83.21,0.5
2021-10-19,82.8,82.8,82.8,82.8,0.68
2021-10-18,82.24,82.24,82.24,82.24,-0.51
2021-10-15,82.66,82.66,82.66,82.66,1.67
2021-10-14,81.3,81.3,81.3,81.3,-0.07
2021-10-13,81.36,81.36,81.36,81.36,-0.23
2021-10-12,81.54,81.54,81.54,81.54,-0.8
2021-10-11,82.2,82.2,82.2,82.2,1.63
2021-10-08,80.88,80.88,80.88,80.88,0.75
2021-10-07,80.28,80.28,80.28,80.28,1.06
2021-10-06,79.44,79.44,79.44,79.44,-2.16
2021-10-05,81.19,81.19,81.19,81.19,1.87
2021-10-04,79.7,79.7,79.7,79.7,3.95
2021-10-01,76.67,76.67,76.67,76.67,1.07
2021-09-30,75.86,75.86,75.86,75.86,-0.32
2021-09-29,76.1,76.1,76.1,76.1,-0.5
2021-09-28,76.48,76.48,76.48,76.48,-0.69
2021-09-27,77.01,77.01,77.01,77.01,2.46
2021-09-24,75.16,75.16,75.16,75.16,1.1
2021-09-23,74.34,74.34,74.34,74.34,1.96
2021-09-22,72.91,72.91,72.91,72.91,2.3
2021-09-21,71.27,71.27,71.27,71.27,-0.82
2021-09-20,71.86,71.86,71.86,71.86,-0.48
2021-09-17,72.21,72.21,72.21,72.21,-0.23
2021-09-16,72.38,72.38,72.38,72.38,-2.31
2021-09-15,74.09,74.09,74.09,74.09,2.83
2021-09-14,72.05,72.05,72.05,72.05,0.28
2021-09-13,71.85,71.85,71.85,71.85,0.98
2021-09-10,71.15,71.15,71.15,71.15,-0.32
2021-09-09,71.38,71.38,71.38,71.38,0.2
2021-09-08,71.24,71.24,71.24,71.24,2.75
2021-09-07,69.33,69.33,69.33,69.33,-1.0
2021-09-06,70.03,70.03,70.03,70.03,-1.28
2021-09-03,70.94,70.94,70.94,70.94,-0.69
2021-09-02,71.43,71.43,71.43,71.43,4.0
2021-09-01,68.68,68.68,68.68,68.68,-3.1
2021-08-31,70.88,70.88,70.88,70.88,2.4
2021-08-30,69.22,69.22,69.22,69.22,0.0
2021-08-27,69.22,69.22,69.22,69.22,1.6
2021-08-26,68.13,68.13,68.13,68.13,-0.93
2021-08-25,68.77,68.77,68.77,68.77,1.15
2021-08-24,67.99,67.99,67.99,67.99,2.86
2021-08-23,66.1,66.1,66.1,66.1,4.21
2021-08-20,63.43,63.43,63.43,63.43,0.24
2021-08-19,63.28,63.28,63.28,63.28,-5.2
2021-08-18,66.75,66.75,66.75,66.75,-0.8
2021-08-17,67.29,67.29,67.29,67.29,0.28
2021-08-16,67.1,67.1,67.1,67.1,-2.54
2021-08-13,68.85,68.85,68.85,68.85,-0.38
2021-08-12,69.11,69.11,69.11,69.11,1.57
2021-08-11,68.04,68.04,68.04,68.04,-1.13
2021-08-10,68.82,68.82,68.82,68.82,3.04
2021-08-09,66.79,66.79,66.79,66.79,-3.44
2021-08-06,69.17,69.17,69.17,69.17,-0.83
2021-08-05,69.75,69.75,69.75,69.75,-0.56
2021-08-04,70.14,70.14,70.14,70.14,-0.65
2021-08-03,70.6,70.6,70.6,70.6,-1.16
2021-08-02,71.43,71.43,71.43,71.43,-3.43
2021-07-30,73.97,73.97,73.97,73.97,1.01
2021-07-29,73.23,73.23,73.23,73.23,1.09
2021-07-28,72.44,72.44,72.44,72.44,0.1
2021-07-27,72.37,72.37,72.37,72.37,0.81
2021-07-26,71.79,71.79,71.79,71.79,-0.24
2021-07-23,71.96,71.96,71.96,71.96,1.84
2021-07-22,70.66,70.66,70.66,70.66,1.51
2021-07-21,69.61,69.61,69.61,69.61,3.51
2021-07-20,67.25,67.25,67.25,67.25,-0.06
2021-07-19,67.29,67.29,67.29,67.29,-6.53
2021-07-16,71.99,71.99,71.99,71.99,-1.32
2021-07-15,72.95,72.95,72.95,72.95,-2.2
2021-07-14,74.59,74.59,74.59,74.59,0.34
2021-07-13,74.34,74.34,74.34,74.34,0.08
2021-07-12,74.28,74.28,74.28,74.28,-0.71
2021-07-09,74.81,74.81,74.81,74.81,3.97
2021-07-08,71.95,71.95,71.95,71.95,0.84
2021-07-07,71.35,71.35,71.35,71.35,-2.89
2021-07-06,73.47,73.47,73.47,73.47,-2.66
2021-07-05,75.48,75.48,75.48,75.48,0.84
2021-07-02,74.85,74.85,74.85,74.85,0.25
2021-07-01,74.66,74.66,74.66,74.66,-0.33
2021-06-30,74.91,74.91,74.91,74.91,2.02
2021-06-29,73.43,73.43,73.43,73.43,0.07
2021-06-28,73.38,73.38,73.38,73.38,-1.12
2021-06-25,74.21,74.21,74.21,74.21,0.54
2021-06-24,73.81,73.81,73.81,73.81,0.07
2021-06-23,73.76,73.76,73.76,73.76,1.15
2021-06-22,72.92,72.92,72.92,72.92,1.29
2021-06-21,71.99,71.99,71.99,71.99,1.08
2021-06-18,71.22,71.22,71.22,71.22,0.28
2021-06-17,71.02,71.02,71.02,71.02,-2.1
2021-06-16,72.54,72.54,72.54,72.54,1.87
2021-06-15,71.21,71.21,71.21,71.21,0.68
2021-06-14,70.73,70.73,70.73,70.73,1.03
2021-06-11,70.01,70.01,70.01,70.01,0.5
2021-06-10,69.66,69.66,69.66,69.66,0.23
2021-06-09,69.5,69.5,69.5,69.5,0.87
2021-06-08,68.9,68.9,68.9,68.9,-0.98
2021-06-07,69.58,69.58,69.58,69.58,-0.32
2021-06-04,69.8,69.8,69.8,69.8,1.34
2021-06-03,68.88,68.88,68.88,68.88,-0.04
2021-06-02,68.91,68.91,68.91,68.91,0.15
2021-06-01,68.81,68.81,68.81,68.81,1.58
2021-05-28,67.74,67.74,67.74,67.74,0.56
2021-05-27,67.36,67.36,67.36,67.36,0.12
2021-05-26,67.28,67.28,67.28,67.28,0.37
2021-05-25,67.03,67.03,67.03,67.03,0.59
2021-05-24,66.64,66.64,66.64,66.64,2.13
2021-05-21,65.25,65.25,65.25,65.25,0.6
2021-05-20,64.86,64.86,64.86,64.86,0.06
2021-05-19,64.82,64.82,64.82,64.82,-4.76
2021-05-18,68.06,68.06,68.06,68.06,0.22
2021-05-17,67.91,67.91,67.91,67.91,0.59
2021-05-14,67.51,67.51,67.51,67.51,1.81
2021-05-13,66.31,66.31,66.31,66.31,-3.24
2021-05-12,68.53,68.53,68.53,68.53,2.73
2021-05-11,66.71,66.71,66.71,66.71,0.42
2021-05-10,66.43,66.43,66.43,66.43,-0.36
2021-05-07,66.67,66.67,66.67,66.67,-0.69
2021-05-06,67.13,67.13,67.13,67.13,-1.91
2021-05-05,68.44,68.44,68.44,68.44,1.81
2021-05-04,67.22,67.22,67.22,67.22,2.33
2021-05-03,65.69,65.69,65.69,65.69,0.0
2021-04-30,65.69,65.69,65.69,65.69,-0.39
2021-04-29,65.95,65.95,65.95,65.95,0.78
2021-04-28,65.44,65.44,65.44,65.44,2.78
2021-04-27,63.67,63.67,63.67,63.67,0.22
2021-04-26,63.53,63.53,63.53,63.53,-0.14
2021-04-23,63.62,63.62,63.62,63.62,0.79
2021-04-22,63.12,63.12,63.12,63.12,0.9
2021-04-21,62.56,62.56,62.56,62.56,0.18
2021-04-20,62.45,62.45,62.45,62.45,-3.01
2021-04-19,64.39,64.39,64.39,64.39,0.7
2021-04-16,63.94,63.94,63.94,63.94,0.3
2021-04-15,63.75,63.75,63.75,63.75,-0.06
2021-04-14,63.79,63.79,63.79,63.79,4.52
2021-04-13,61.03,61.03,61.03,61.03,0.58
2021-04-12,60.68,60.68,60.68,60.68,1.03
2021-04-09,60.06,60.06,60.06,60.06,0.55
2021-04-08,59.73,59.73,59.73,59.73,1.67
2021-04-07,58.75,58.75,58.75,58.75,-2.49
2021-04-06,60.25,60.25,60.25,60.25,-0.17
2021-04-05,60.35,60.35,60.35,60.35,0.0
2021-04-02,60.35,60.35,60.35,60.35,0.0
2021-04-01,60.35,60.35,60.35,60.35,-2.08
2021-03-31,61.63,61.63,61.63,61.63,-0.68
2021-03-30,62.05,62.05,62.05,62.05,0.5
2021-03-29,61.74,61.74,61.74,61.74,-0.98
2021-03-26,62.35,62.35,62.35,62.35,4.11
2021-03-25,59.89,59.89,59.89,59.89,-3.65
2021-03-24,62.16,62.16,62.16,62.16,3.24
2021-03-23,60.21,60.21,60.21,60.21,-3.34
2021-03-22,62.29,62.29,62.29,62.29,0.32
2021-03-19,62.09,62.09,62.09,62.09,-1.96
2021-03-18,63.33,63.33,63.33,63.33,-3.52
2021-03-17,65.64,65.64,65.64,65.64,-0.62
2021-03-16,66.05,66.05,66.05,66.05,-1.29
2021-03-15,66.91,66.91,66.91,66.91,-1.04
2021-03-12,67.61,67.61,67.61,67.61,-0.43
2021-03-11,67.9,67.9,67.9,67.9,3.74
2021-03-10,65.45,65.45,65.45,65.45,-0.62
2021-03-09,65.86,65.86,65.86,65.86,-2.28
2021-03-08,67.4,67.4,67.4,67.4,-0.98
2021-03-05,68.07,68.07,68.07,68.07,2.47
2021-03-04,66.43,66.43,66.43,66.43,4.71
2021-03-03,63.44,63.44,63.44,63.44,1.2
2021-03-02,62.69,62.69,62.69,62.69,-2.88
2021-03-01,64.55,64.55,64.55,64.55,-0.57
2021-02-26,64.92,64.92,64.92,64.92,-1.64
2021-02-25,66.0,66.0,66.0,66.0,0.67
2021-02-24,65.56,65.56,65.56,65.56,2.39
2021-02-23,64.03,64.03,64.03,64.03,1.72
2021-02-22,62.95,62.95,62.95,62.95,0.72
2021-02-19,62.5,62.5,62.5,62.5,-1.67
2021-02-18,63.56,63.56,63.56,63.56,0.32
2021-02-17,63.36,63.36,63.36,63.36,1.28
2021-02-16,62.56,62.56,62.56,62.56,-0.62
2021-02-15,62.95,62.95,62.95,62.95,3.43
2021-02-12,60.86,60.86,60.86,60.86,0.13
2021-02-11,60.78,60.78,60.78,60.78,0.23
2021-02-10,60.64,60.64,60.64,60.64,1.47
2021-02-09,59.76,59.76,59.76,59.76,0.13
2021-02-08,59.68,59.68,59.68,59.68,-0.03
2021-02-05,59.7,59.7,59.7,59.7,1.79
2021-02-04,58.65,58.65,58.65,58.65,-0.1
2021-02-03,58.71,58.71,58.71,58.71,1.38
2021-02-02,57.91,57.91,57.91,57.91,2.59
2021-02-01,56.45,56.45,56.45,56.45,1.15
2021-01-29,55.81,55.81,55.81,55.81,0.52
2021-01-28,55.52,55.52,55.52,55.52,-1.02
2021-01-27,56.09,56.09,56.09,56.09,0.59
2021-01-26,55.76,55.76,55.76,55.76,1.33
2021-01-25,55.03,55.03,55.03,55.03,-0.33
2021-01-22,55.21,55.21,55.21,55.21,-0.83
2021-01-21,55.67,55.67,55.67,55.67,-0.73
2021-01-20,56.08,56.08,56.08,56.08,0.81
2021-01-19,55.63,55.63,55.63,55.63,1.89
2021-01-18,54.6,54.6,54.6,54.6,-0.24
2021-01-15,54.73,54.73,54.73,54.73,-0.78
2021-01-14,55.16,55.16,55.16,55.16,-1.32
2021-01-13,55.9,55.9,55.9,55.9,-0.34
2021-01-12,56.09,56.09,56.09,56.09,2.07
2021-01-11,54.95,54.95,54.95,54.95,-0.31
2021-01-08,55.12,55.12,55.12,55.12,1.92
2021-01-07,54.08,54.08,54.08,54.08,-0.52
2021-01-06,54.36,54.36,54.36,54.36,3.23
2021-01-05,52.66,52.66,52.66,52.66,4.55
2021-01-04,50.37,50.37,50.37,50.37,-1.18
2021-01-01,50.97,50.97,50.97,50.97,0.0
2020-12-31,50.97,50.97,50.97,50.97,0.65
2020-12-30,50.64,50.64,50.64,50.64,-0.33
2020-12-29,50.81,50.81,50.81,50.81,0.24
2020-12-25,50.69,50.69,50.69,50.69,0.0
2020-12-24,50.69,50.69,50.69,50.69,-1.3
2020-12-23,51.36,51.36,51.36,51.36,2.11
2020-12-22,50.3,50.3,50.3,50.3,0.56
2020-12-21,50.02,50.02,50.02,50.02,-4.18
2020-12-18,52.2,52.2,52.2,52.2,1.85
2020-12-17,51.25,51.25,51.25,51.25,1.34
2020-12-16,50.57,50.57,50.57,50.57,-0.69
2020-12-15,50.92,50.92,50.92,50.92,2.5
2020-12-14,49.68,49.68,49.68,49.68,-1.02
2020-12-11,50.19,50.19,50.19,50.19,-1.78
2020-12-10,51.1,51.1,51.1,51.1,4.63
2020-12-09,48.84,48.84,48.84,48.84,-0.35
2020-12-08,49.01,49.01,49.01,49.01,-0.08
2020-12-07,49.05,49.05,49.05,49.05,-1.66
2020-12-04,49.88,49.88,49.88,49.88,1.53
2020-12-03,49.13,49.13,49.13,49.13,0.88
2020-12-02,48.7,48.7,48.7,48.7,1.65
2020-12-01,47.91,47.91,47.91,47.91,2.11
2020-11-30,46.92,46.92,46.92,46.92,-1.41
2020-11-27,47.59,47.59,47.59,47.59,0.89
2020-11-26,47.17,47.17,47.17,47.17,-0.97
2020-11-25,47.63,47.63,47.63,47.63,0.32
2020-11-24,47.48,47.48,47.48,47.48,4.24
2020-11-23,45.55,45.55,45.55,45.55,3.38
2020-11-20,44.06,44.06,44.06,44.06,0.96
2020-11-19,43.64,43.64,43.64,43.64,-0.39
2020-11-18,43.81,43.81,43.81,43.81,2.22
2020-11-17,42.86,42.86,42.86,42.86,-2.15
2020-11-16,43.8,43.8,43.8,43.8,3.03
2020-11-13,42.51,42.51,42.51,42.51,-2.03
2020-11-12,43.39,43.39,43.39,43.39,-1.18
2020-11-11,43.91,43.91,43.91,43.91,3.32
2020-11-10,42.5,42.5,42.5,42.5,1.19
2020-11-09,42.0,42.0,42.0,42.0,7.33
2020-11-06,39.13,39.13,39.13,39.13,-2.78
2020-11-05,40.25,40.25,40.25,40.25,0.78
2020-11-04,39.94,39.94,39.94,39.94,2.96
2020-11-03,38.79,38.79,38.79,38.79,4.16
2020-11-02,37.24,37.24,37.24,37.24,0.32
2020-10-30,37.12,37.12,37.12,37.12,0.38
2020-10-29,36.98,36.98,36.98,36.98,-4.42
2020-10-28,38.69,38.69,38.69,38.69,-4.66
2020-10-27,40.58,40.58,40.58,40.58,1.86
2020-10-26,39.84,39.84,39.84,39.84,-3.79
2020-10-23,41.41,41.41,41.41,41.41,-0.65
2020-10-22,41.68,41.68,41.68,41.68,3.5
2020-10-21,40.27,40.27,40.27,40.27,-1.76
2020-10-20,40.99,40.99,40.99,40.99,-1.87
2020-10-19,41.77,41.77,41.77,41.77,0.58
2020-10-16,41.53,41.53,41.53,41.53,1.24
2020-10-15,41.02,41.02,41.02,41.02,-1.63
2020-10-14,41.7,41.7,41.7,41.7,0.75
2020-10-13,41.39,41.39,41.39,41.39,2.07
2020-10-12,40.55,40.55,40.55,40.55,-3.41
2020-10-09,41.98,41.98,41.98,41.98,0.89
2020-10-08,41.61,41.61,41.61,41.61,3.38
2020-10-07,40.25,40.25,40.25,40.25,-1.85
2020-10-06,41.01,41.01,41.01,41.01,2.73
2020-10-05,39.92,39.92,39.92,39.92,2.89
2020-10-02,38.8,38.8,38.8,38.8,-1.62
2020-10-01,39.44,39.44,39.44,39.44,-2.59
2020-09-30,40.49,40.49,40.49,40.49,-0.42
2020-09-29,40.66,40.66,40.66,40.66,-2.47
2020-09-28,41.69,41.69,41.69,41.69,1.34
2020-09-25,41.14,41.14,41.14,41.14,0.69
2020-09-24,40.86,40.86,40.86,40.86,-1.19
2020-09-23,41.35,41.35,41.35,41.35,1.22
2020-09-22,40.85,40.85,40.85,40.85,2.05
2020-09-21,40.03,40.03,40.03,40.03,-5.32
2020-09-18,42.28,42.28,42.28,42.28,0.09
2020-09-17,42.24,42.24,42.24,42.24,3.58
2020-09-16,40.78,40.78,40.78,40.78,4.54
2020-09-15,39.01,39.01,39.01,39.01,1.48
2020-09-14,38.44,38.44,38.44,38.44,-1.39
2020-09-11,38.98,38.98,38.98,38.98,-1.44
2020-09-10,39.55,39.55,39.55,39.55,-0.75
2020-09-09,39.85,39.85,39.85,39.85,3.59
2020-09-08,38.47,38.47,38.47,38.47,-5.08
2020-09-07,40.53,40.53,40.53,40.53,-1.63
2020-09-04,41.2,41.2,41.2,41.2,-1.53
2020-09-03,41.84,41.84,41.84,41.84,-6.57
2020-09-02,44.78,44.78,44.78,44.78,-2.18
2020-09-01,45.78,45.78,45.78,45.78,1.51
2020-08-28,45.1,45.1,45.1,45.1,1.14
2020-08-27,44.59,44.59,44.59,44.59,-2.62
2020-08-26,45.79,45.79,45.79,45.79,-0.59
2020-08-25,46.06,46.06,46.06,46.06,4.26
2020-08-24,44.18,44.18,44.18,44.18,1.82
2020-08-21,43.39,43.39,43.39,43.39,-2.3
2020-08-20,44.41,44.41,44.41,44.41,-1.51
2020-08-19,45.09,45.09,45.09,45.09,-0.18
2020-08-18,45.17,45.17,45.17,45.17,1.32
2020-08-17,44.58,44.58,44.58,44.58,-0.27
2020-08-14,44.7,44.7,44.7,44.7,-0.67
2020-08-13,45.0,45.0,45.0,45.0,0.11
2020-08-12,44.95,44.95,44.95,44.95,0.56
2020-08-11,44.7,44.7,44.7,44.7,0.47
2020-08-10,44.49,44.49,44.49,44.49,-0.4
2020-08-07,44.67,44.67,44.67,44.67,-2.13
2020-08-06,45.64,45.64,45.64,45.64,-1.11
2020-08-05,46.15,46.15,46.15,46.15,4.11
2020-08-04,44.33,44.33,44.33,44.33,0.18
2020-08-03,44.25,44.25,44.25,44.25,1.56
2020-07-31,43.57,43.57,43.57,43.57,1.51
2020-07-30,42.92,42.92,42.92,42.92,-3.2
2020-07-29,44.34,44.34,44.34,44.34,1.07
2020-07-28,43.87,43.87,43.87,43.87,1.43
2020-07-27,43.25,43.25,43.25,43.25,-1.39
2020-07-24,43.86,43.86,43.86,43.86,-1.33
2020-07-23,44.45,44.45,44.45,44.45,0.75
2020-07-22,44.12,44.12,44.12,44.12,-2.84
2020-07-21,45.41,45.41,45.41,45.41,1.79
2020-07-20,44.61,44.61,44.61,44.61,-1.15
2020-07-17,45.13,45.13,45.13,45.13,-1.03
2020-07-16,45.6,45.6,45.6,45.6,0.53
2020-07-15,45.36,45.36,45.36,45.36,1.3
2020-07-14,44.78,44.78,44.78,44.78,-0.44
2020-07-13,44.98,44.98,44.98,44.98,2.3
2020-07-10,43.97,43.97,43.97,43.97,1.27
2020-07-09,43.42,43.42,43.42,43.42,-2.36
2020-07-08,44.47,44.47,44.47,44.47,-0.34
2020-07-07,44.62,44.62,44.62,44.62,-1.09
2020-07-06,45.11,45.11,45.11,45.11,0.87
2020-07-03,44.72,44.72,44.72,44.72,-0.22
2020-07-02,44.82,44.82,44.82,44.82,0.9
2020-07-01,44.42,44.42,44.42,44.42,0.59
2020-06-30,44.16,44.16,44.16,44.16,0.89
2020-06-29,43.77,43.77,43.77,43.77,1.39
2020-06-26,43.17,43.17,43.17,43.17,-0.6
2020-06-25,43.43,43.43,43.43,43.43,0.63
2020-06-24,43.16,43.16,43.16,43.16,-6.52
2020-06-23,46.17,46.17,46.17,46.17,1.63
2020-06-22,45.43,45.43,45.43,45.43,0.09
2020-06-19,45.39,45.39,45.39,45.39,2.81
2020-06-18,44.15,44.15,44.15,44.15,4.57
2020-06-17,42.22,42.22,42.22,42.22,0.4
2020-06-16,42.05,42.05,42.05,42.05,3.85
2020-06-15,40.49,40.49,40.49,40.49,0.6
2020-06-12,40.25,40.25,40.25,40.25,0.93
2020-06-11,39.88,39.88,39.88,39.88,-5.39
2020-06-10,42.15,42.15,42.15,42.15,1.03
2020-06-09,41.72,41.72,41.72,41.72,-0.48
2020-06-08,41.92,41.92,41.92,41.92,-2.03
2020-06-05,42.79,42.79,42.79,42.79,8.44
2020-06-04,39.46,39.46,39.46,39.46,0.18
2020-06-03,39.39,39.39,39.39,39.39,0.1
2020-06-02,39.35,39.35,39.35,39.35,4.54
2020-06-01,37.64,37.64,37.64,37.64,6.15
2020-05-29,35.46,35.46,35.46,35.46,1.17
2020-05-28,35.05,35.05,35.05,35.05,2.61
2020-05-27,34.16,34.16,34.16,34.16,-1.04
2020-05-26,34.52,34.52,34.52,34.52,0.32
2020-05-22,34.41,34.41,34.41,34.41,-3.83
2020-05-21,35.78,35.78,35.78,35.78,0.08
2020-05-20,35.75,35.75,35.75,35.75,6.88
2020-05-19,33.45,33.45,33.45,33.45,-3.13
2020-05-18,34.53,34.53,34.53,34.53,12.77
2020-05-15,30.62,30.62,30.62,30.62,4.79
2020-05-14,29.22,29.22,29.22,29.22,1.11
2020-05-13,28.9,28.9,28.9,28.9,7.2
2020-05-12,26.96,26.96,26.96,26.96,2.98
2020-05-11,26.18,26.18,26.18,26.18,1.0
2020-05-07,25.92,25.92,25.92,25.92,7.73
2020-05-06,24.06,24.06,24.06,24.06,-3.1
2020-05-05,24.83,24.83,24.83,24.83,26.1
2020-05-04,19.69,19.69,19.69,19.69,4.68
2020-05-01,18.81,18.81,18.81,18.81,0.16
2020-04-30,18.78,18.78,18.78,18.78,14.65
2020-04-29,16.38,16.38,16.38,16.38,18.52
2020-04-28,13.82,13.82,13.82,13.82,6.72
2020-04-27,12.95,12.95,12.95,12.95,-11.0
2020-04-24,14.55,14.55,14.55,14.55,-1.29
2020-04-23,14.74,14.74,14.74,14.74,20.62
2020-04-22,12.22,12.22,12.22,12.22,45.48
2020-04-21,8.4,8.4,8.4,8.4,-44.26
2020-04-20,15.07,15.07,15.07,15.07,-4.32
2020-04-17,15.75,15.75,15.75,15.75,9.53
2020-04-16,14.38,14.38,14.38,14.38,-6.5
2020-04-15,15.38,15.38,15.38,15.38,-16.55
2020-04-14,18.43,18.43,18.43,18.43,0.6
2020-04-09,18.32,18.32,18.32,18.32,-10.94
2020-04-08,20.57,20.57,20.57,20.57,5.98
2020-04-07,19.41,19.41,19.41,19.41,10.66
2020-04-06,17.54,17.54,17.54,17.54,-6.95
2020-04-03,18.85,18.85,18.85,18.85,29.11
2020-04-02,14.6,14.6,14.6,14.6,34.19
2020-04-01,10.88,10.88,10.88,10.88,-27.99
2020-03-31,15.11,15.11,15.11,15.11,4.79
2020-03-30,14.42,14.42,14.42,14.42,-19.08
2020-03-27,17.82,17.82,17.82,17.82,-18.03
2020-03-26,21.74,21.74,21.74,21.74,-0.05
2020-03-25,21.75,21.75,21.75,21.75,-0.68
2020-03-24,21.9,21.9,21.9,21.9,15.57
2020-03-23,18.95,18.95,18.95,18.95,-16.34
2020-03-20,22.65,22.65,22.65,22.65,7.45
2020-03-19,21.08,21.08,21.08,21.08,5.98
2020-03-18,19.89,19.89,19.89,19.89,-22.06
2020-03-17,25.52,25.52,25.52,25.52,-0.04
2020-03-16,25.53,25.53,25.53,25.53,-14.33
2020-03-13,29.8,29.8,29.8,29.8,4.31
2020-03-12,28.57,28.57,28.57,28.57,-11.77
2020-03-11,32.38,32.38,32.38,32.38,-2.23
2020-03-10,33.12,33.12,33.12,33.12,0.73
2020-03-09,32.88,32.88,32.88,32.88,-23.8
2020-03-06,43.15,43.15,43.15,43.15,-11.65
2020-03-05,48.84,48.84,48.84,48.84,-1.15
2020-03-04,49.41,49.41,49.41,49.41,-0.76
2020-03-03,49.79,49.79,49.79,49.79,-0.56
2020-03-02,50.07,50.07,50.07,50.07,2.48
2020-02-28,48.86,48.86,48.86,48.86,-1.77
2020-02-27,49.74,49.74,49.74,49.74,-5.28
2020-02-26,52.51,52.51,52.51,52.51,-3.15
2020-02-25,54.22,54.22,54.22,54.22,-2.99
2020-02-24,55.89,55.89,55.89,55.89,-4.38
2020-02-21,58.45,58.45,58.45,58.45,-2.49
2020-02-20,59.94,59.94,59.94,59.94,0.62
2020-02-19,59.57,59.57,59.57,59.57,4.14
2020-02-18,57.2,57.2,57.2,57.2,-0.83
2020-02-17,57.68,57.68,57.68,57.68,0.8
2020-02-14,57.22,57.22,57.22,57.22,1.83
2020-02-13,56.19,56.19,56.19,56.19,1.44
2020-02-12,55.39,55.39,55.39,55.39,2.86
2020-02-11,53.85,53.85,53.85,53.85,1.53
2020-02-10,53.04,53.04,53.04,53.04,-2.1
2020-02-07,54.18,54.18,54.18,54.18,-2.87
2020-02-06,55.78,55.78,55.78,55.78,-0.32
2020-02-05,55.96,55.96,55.96,55.96,2.68
2020-02-04,54.5,54.5,54.5,54.5,-0.18
2020-02-03,54.6,54.6,54.6,54.6,-6.46
2020-01-31,58.37,58.37,58.37,58.37,3.82
2020-01-30,56.22,56.22,56.22,56.22,-3.0
2020-01-29,57.96,57.96,57.96,57.96,0.16
2020-01-28,57.87,57.87,57.87,57.87,1.46
2020-01-27,57.04,57.04,57.04,57.04,-1.38
2020-01-24,57.84,57.84,57.84,57.84,-3.21
2020-01-23,59.76,59.76,59.76,59.76,-1.4
2020-01-22,60.61,60.61,60.61,60.61,-2.49
2020-01-21,62.16,62.16,62.16,62.16,-1.54
2020-01-20,63.13,63.13,63.13,63.13,0.93
2020-01-17,62.55,62.55,62.55,62.55,-0.92
2020-01-16,63.13,63.13,63.13,63.13,2.17
2020-01-15,61.79,61.79,61.79,61.79,-1.84
2020-01-14,62.95,62.95,62.95,62.95,0.49
2020-01-13,62.64,62.64,62.64,62.64,-4.03
2020-01-10,65.27,65.27,65.27,65.27,0.29
2020-01-09,65.08,65.08,65.08,65.08,-1.11
2020-01-08,65.81,65.81,65.81,65.81,-2.13
2020-01-07,67.24,67.24,67.24,67.24,-2.2
2020-01-06,68.75,68.75,68.75,68.75,1.73
2020-01-03,67.58,67.58,67.58,67.58,3.1
2020-01-02,65.55,65.55,65.55,65.55,-1.09
2020-01-01,66.27,66.27,66.27,66.27,0.0
2019-12-31,66.27,66.27,66.27,66.27,-0.79
2019-12-30,66.8,66.8,66.8,66.8,-0.9
2019-12-27,67.41,67.41,67.41,67.41,-1.96
2019-12-26,68.76,68.76,68.76,68.76,0.0
2019-12-24,68.76,68.76,68.76,68.76,2.64
2019-12-23,66.99,66.99,66.99,66.99,-1.72
2019-12-20,68.16,68.16,68.16,68.16,-1.5
2019-12-19,69.2,69.2,69.2,69.2,0.85
2019-12-18,68.62,68.62,68.62,68.62,0.19
2019-12-17,68.49,68.49,68.49,68.49,1.41
2019-12-16,67.54,67.54,67.54,67.54,-0.44
2019-12-13,67.84,67.84,67.84,67.84,1.15
2019-12-12,67.07,67.07,67.07,67.07,1.98
2019-12-11,65.77,65.77,65.77,65.77,-1.79
2019-12-10,66.97,66.97,66.97,66.97,0.19
2019-12-09,66.84,66.84,66.84,66.84,-0.09
2019-12-06,66.9,66.9,66.9,66.9,1.26
2019-12-05,66.07,66.07,66.07,66.07,0.64
2019-12-04,65.65,65.65,65.65,65.65,3.63
2019-12-03,63.35,63.35,63.35,63.35,-0.39
2019-12-02,63.6,63.6,63.6,63.6,-2.38
2019-11-29,65.15,65.15,65.15,65.15,-0.28
2019-11-28,65.33,65.33,65.33,65.33,-0.23
2019-11-27,65.48,65.48,65.48,65.48,0.94
2019-11-26,64.87,64.87,64.87,64.87,0.23
2019-11-25,64.72,64.72,64.72,64.72,-1.76
2019-11-22,65.88,65.88,65.88,65.88,-0.24
2019-11-21,66.04,66.04,66.04,66.04,1.84
2019-11-20,64.85,64.85,64.85,64.85,2.94
2019-11-19,63.0,63.0,63.0,63.0,-1.05
2019-11-18,63.67,63.67,63.67,63.67,-0.78
2019-11-15,64.17,64.17,64.17,64.17,1.36
2019-11-14,63.31,63.31,63.31,63.31,0.3
2019-11-13,63.12,63.12,63.12,63.12,0.13
2019-11-12,63.04,63.04,63.04,63.04,-0.61
2019-11-11,63.43,63.43,63.43,63.43,0.92
2019-11-08,62.85,62.85,62.85,62.85,-0.95
2019-11-07,63.45,63.45,63.45,63.45,0.78
2019-11-06,62.96,62.96,62.96,62.96,-0.96
2019-11-05,63.57,63.57,63.57,63.57,0.32
2019-11-04,63.37,63.37,63.37,63.37,3.85
2019-11-01,61.02,61.02,61.02,61.02,1.45
2019-10-31,60.15,60.15,60.15,60.15,0.13
2019-10-30,60.07,60.07,60.07,60.07,-1.36
2019-10-29,60.9,60.9,60.9,60.9,1.1
2019-10-28,60.24,60.24,60.24,60.24,-2.7
2019-10-25,61.91,61.91,61.91,61.91,2.06
2019-10-24,60.66,60.66,60.66,60.66,2.0
2019-10-23,59.47,59.47,59.47,59.47,0.03
2019-10-22,59.45,59.45,59.45,59.45,2.68
2019-10-21,57.9,57.9,57.9,57.9,-1.71
2019-10-18,58.91,58.91,58.91,58.91,1.05
2019-10-17,58.3,58.3,58.3,58.3,0.09
2019-10-16,58.25,58.25,58.25,58.25,0.19
2019-10-15,58.14,58.14,58.14,58.14,0.66
2019-10-14,57.76,57.76,57.76,57.76,-2.99
2019-10-11,59.54,59.54,59.54,59.54,2.6
2019-10-10,58.03,58.03,58.03,58.03,-1.06
2019-10-09,58.65,58.65,58.65,58.65,2.73
2019-10-08,57.09,57.09,57.09,57.09,-2.26
2019-10-07,58.41,58.41,58.41,58.41,0.57
2019-10-04,58.08,58.08,58.08,58.08,1.97
2019-10-03,56.96,56.96,56.96,56.96,0.16
2019-10-02,56.87,56.87,56.87,56.87,-3.63
2019-10-01,59.01,59.01,59.01,59.01,-1.55
2019-09-30,59.94,59.94,59.94,59.94,-2.43
2019-09-27,61.43,61.43,61.43,61.43,0.66
2019-09-26,61.03,61.03,61.03,61.03,-0.54
2019-09-25,61.36,61.36,61.36,61.36,-3.72
2019-09-24,63.73,63.73,63.73,63.73,-0.82
2019-09-23,64.26,64.26,64.26,64.26,-0.88
2019-09-20,64.83,64.83,64.83,64.83,1.53
2019-09-19,63.85,63.85,63.85,63.85,-0.06
2019-09-18,63.89,63.89,63.89,63.89,-1.99
2019-09-17,65.19,65.19,65.19,65.19,-4.16
2019-09-16,68.02,68.02,68.02,68.02,11.78
2019-09-13,60.85,60.85,60.85,60.85,0.81
2019-09-12,60.36,60.36,60.36,60.36,-3.61
2019-09-11,62.62,62.62,62.62,62.62,-2.57
2019-09-10,64.27,64.27,64.27,64.27,1.07
2019-09-09,63.59,63.59,63.59,63.59,4.45
2019-09-06,60.88,60.88,60.88,60.88,-2.28
2019-09-05,62.3,62.3,62.3,62.3,3.09
2019-09-04,60.43,60.43,60.43,60.43,4.77
2019-09-03,57.68,57.68,57.68,57.68,-3.22
2019-09-02,59.6,59.6,59.6,59.6,-4.01
2019-08-30,62.09,62.09,62.09,62.09,0.73
2019-08-29,61.64,61.64,61.64,61.64,0.28
2019-08-28,61.47,61.47,61.47,61.47,3.33
2019-08-27,59.49,59.49,59.49,59.49,-0.34
2019-08-26,59.69,59.69,59.69,59.69,0.0
2019-08-23,59.69,59.69,59.69,59.69,-1.92
2019-08-22,60.86,60.86,60.86,60.86,-1.28
2019-08-21,61.65,61.65,61.65,61.65,2.61
2019-08-20,60.08,60.08,60.08,60.08,-1.09
2019-08-19,60.74,60.74,60.74,60.74,2.26
2019-08-16,59.4,59.4,59.4,59.4,2.82
2019-08-15,57.77,57.77,57.77,57.77,-0.84
2019-08-14,58.26,58.26,58.26,58.26,-4.96
2019-08-13,61.3,61.3,61.3,61.3,4.73
2019-08-12,58.53,58.53,58.53,58.53,-0.41
2019-08-09,58.77,58.77,58.77,58.77,1.87
2019-08-08,57.69,57.69,57.69,57.69,2.32
2019-08-07,56.38,56.38,56.38,56.38,-6.0
2019-08-06,59.98,59.98,59.98,59.98,-1.14
2019-08-05,60.67,60.67,60.67,60.67,-2.88
2019-08-02,62.47,62.47,62.47,62.47,-2.69
2019-08-01,64.2,64.2,64.2,64.2,-1.06
2019-07-31,64.89,64.89,64.89,64.89,1.87
2019-07-30,63.7,63.7,63.7,63.7,0.49
2019-07-29,63.39,63.39,63.39,63.39,-0.11
2019-07-26,63.46,63.46,63.46,63.46,-0.56
2019-07-25,63.82,63.82,63.82,63.82,-0.09
2019-07-24,63.88,63.88,63.88,63.88,2.49
2019-07-23,62.33,62.33,62.33,62.33,0.68
2019-07-22,61.91,61.91,61.91,61.91,1.68
2019-07-19,60.89,60.89,60.89,60.89,0.73
2019-07-18,60.45,60.45,60.45,60.45,-4.68
2019-07-17,63.42,63.42,63.42,63.42,-2.98
2019-07-16,65.37,65.37,65.37,65.37,-1.34
2019-07-15,66.26,66.26,66.26,66.26,0.55
2019-07-12,65.9,65.9,65.9,65.9,-1.48
2019-07-11,66.89,66.89,66.89,66.89,1.87
2019-07-10,65.66,65.66,65.66,65.66,3.32
2019-07-09,63.55,63.55,63.55,63.55,-0.92
2019-07-08,64.14,64.14,64.14,64.14,1.04
2019-07-05,63.48,63.48,63.48,63.48,0.97
2019-07-04,62.87,62.87,62.87,62.87,0.14
2019-07-03,62.78,62.78,62.78,62.78,1.31
2019-07-02,61.97,61.97,61.97,61.97,-3.4
2019-07-01,64.15,64.15,64.15,64.15,-3.2
2019-06-28,66.27,66.27,66.27,66.27,1.44
2019-06-27,65.33,65.33,65.33,65.33,0.74
2019-06-26,64.85,64.85,64.85,64.85,0.95
2019-06-25,64.24,64.24,64.24,64.24,1.71
2019-06-24,63.16,63.16,63.16,63.16,-1.3
2019-06-21,63.99,63.99,63.99,63.99,0.87
2019-06-20,63.44,63.44,63.44,63.44,4.26
2019-06-19,60.85,60.85,60.85,60.85,-0.81
2019-06-18,61.35,61.35,61.35,61.35,1.39
2019-06-17,60.51,60.51,60.51,60.51,-0.93
2019-06-14,61.08,61.08,61.08,61.08,-0.24
2019-06-13,61.23,61.23,61.23,61.23,1.69
2019-06-12,60.21,60.21,60.21,60.21,-3.06
2019-06-11,62.11,62.11,62.11,62.11,-1.51
2019-06-10,63.06,63.06,63.06,63.06,0.1
2019-06-07,63.0,63.0,63.0,63.0,2.16
2019-06-06,61.67,61.67,61.67,61.67,1.03
2019-06-05,61.04,61.04,61.04,61.04,-3.43
2019-06-04,63.21,63.21,63.21,63.21,0.64
2019-06-03,62.81,62.81,62.81,62.81,-7.2
2019-05-31,67.68,67.68,67.68,67.68,-3.93
2019-05-30,70.45,70.45,70.45,70.45,-1.52
2019-05-29,71.54,71.54,71.54,71.54,0.63
2019-05-28,71.09,71.09,71.09,71.09,3.21
2019-05-24,68.88,68.88,68.88,68.88,-0.56
2019-05-23,69.27,69.27,69.27,69.27,-4.9
2019-05-22,72.84,72.84,72.84,72.84,-1.35
2019-05-21,73.84,73.84,73.84,73.84,-0.36
2019-05-20,74.11,74.11,74.11,74.11,-0.98
2019-05-17,74.84,74.84,74.84,74.84,-1.01
2019-05-16,75.6,75.6,75.6,75.6,2.18
2019-05-15,73.99,73.99,73.99,73.99,0.76
2019-05-14,73.43,73.43,73.43,73.43,0.25
2019-05-13,73.25,73.25,73.25,73.25,0.99
2019-05-10,72.53,72.53,72.53,72.53,1.98
2019-05-09,71.12,71.12,71.12,71.12,-1.21
2019-05-08,71.99,71.99,71.99,71.99,0.49
2019-05-07,71.64,71.64,71.64,71.64,-1.66
2019-05-03,72.85,72.85,72.85,72.85,1.95
2019-05-02,71.46,71.46,71.46,71.46,-1.99
2019-05-01,72.91,72.91,72.91,72.91,-0.25
2019-04-30,73.09,73.09,73.09,73.09,1.34
2019-04-29,72.12,72.12,72.12,72.12,0.26
2019-04-26,71.93,71.93,71.93,71.93,-5.47
2019-04-25,76.09,76.09,76.09,76.09,1.67
2019-04-24,74.84,74.84,74.84,74.84,1.26
2019-04-23,73.91,73.91,73.91,73.91,3.65
2019-04-18,71.31,71.31,71.31,71.31,-0.6
2019-04-17,71.74,71.74,71.74,71.74,0.56
2019-04-16,71.34,71.34,71.34,71.34,-0.22
2019-04-15,71.5,71.5,71.5,71.5,-0.93
2019-04-12,72.17,72.17,72.17,72.17,0.24
2019-04-11,72.0,72.0,72.0,72.0,-0.46
2019-04-10,72.33,72.33,72.33,72.33,0.85
2019-04-09,71.72,71.72,71.72,71.72,-0.14
2019-04-08,71.82,71.82,71.82,71.82,1.68
2019-04-05,70.63,70.63,70.63,70.63,0.18
2019-04-04,70.5,70.5,70.5,70.5,0.84
2019-04-03,69.91,69.91,69.91,69.91,-0.67
2019-04-02,70.38,70.38,70.38,70.38,0.86
2019-04-01,69.78,69.78,69.78,69.78,1.68
2019-03-29,68.63,68.63,68.63,68.63,2.77
2019-03-28,66.78,66.78,66.78,66.78,-1.07
2019-03-27,67.5,67.5,67.5,67.5,-0.24
2019-03-26,67.66,67.66,67.66,67.66,0.21
2019-03-25,67.52,67.52,67.52,67.52,1.63
2019-03-22,66.44,66.44,66.44,66.44,-2.94
2019-03-21,68.45,68.45,68.45,68.45,-0.07
2019-03-20,68.5,68.5,68.5,68.5,1.81
2019-03-19,67.28,67.28,67.28,67.28,0.72
2019-03-18,66.8,66.8,66.8,66.8,1.04
2019-03-15,66.11,66.11,66.11,66.11,-0.11
2019-03-14,66.18,66.18,66.18,66.18,0.44
2019-03-13,65.89,65.89,65.89,65.89,0.86
2019-03-12,65.33,65.33,65.33,65.33,0.88
2019-03-11,64.76,64.76,64.76,64.76,2.26
2019-03-08,63.33,63.33,63.33,63.33,-1.84
2019-03-07,64.52,64.52,64.52,64.52,0.48
2019-03-06,64.21,64.21,64.21,64.21,0.42
2019-03-05,63.94,63.94,63.94,63.94,-0.31
2019-03-04,64.14,64.14,64.14,64.14,1.15
2019-03-01,63.41,63.41,63.41,63.41,-2.04
2019-02-28,64.73,64.73,64.73,64.73,-0.8
2019-02-27,65.25,65.25,65.25,65.25,1.46
2019-02-26,64.31,64.31,64.31,64.31,0.69
2019-02-25,63.87,63.87,63.87,63.87,-4.54
2019-02-22,66.91,66.91,66.91,66.91,0.0
2019-02-21,66.91,66.91,66.91,66.91,0.13
2019-02-20,66.82,66.82,66.82,66.82,1.46
2019-02-19,65.86,65.86,65.86,65.86,-0.83
2019-02-18,66.41,66.41,66.41,66.41,1.16
2019-02-15,65.65,65.65,65.65,65.65,2.58
2019-02-14,64.0,64.0,64.0,64.0,1.15
2019-02-13,63.27,63.27,63.27,63.27,1.1
2019-02-12,62.58,62.58,62.58,62.58,2.09
2019-02-11,61.3,61.3,61.3,61.3,-0.11
2019-02-08,61.37,61.37,61.37,61.37,0.59
2019-02-07,61.01,61.01,61.01,61.01,-2.18
2019-02-06,62.37,62.37,62.37,62.37,0.32
2019-02-05,62.17,62.17,62.17,62.17,-0.94
2019-02-04,62.76,62.76,62.76,62.76,0.64
2019-02-01,62.36,62.36,62.36,62.36,-0.95
2019-01-31,62.96,62.96,62.96,62.96,0.91
2019-01-30,62.39,62.39,62.39,62.39,1.23
2019-01-29,61.63,61.63,61.63,61.63,2.1
2019-01-28,60.36,60.36,60.36,60.36,-2.86
2019-01-25,62.14,62.14,62.14,62.14,0.65
2019-01-24,61.74,61.74,61.74,61.74,0.06
2019-01-23,61.7,61.7,61.7,61.7,0.24
2019-01-22,61.55,61.55,61.55,61.55,-1.76
2019-01-21,62.65,62.65,62.65,62.65,-0.06
2019-01-18,62.69,62.69,62.69,62.69,3.62
2019-01-17,60.5,60.5,60.5,60.5,0.07
2019-01-16,60.46,60.46,60.46,60.46,1.96
2019-01-15,59.3,59.3,59.3,59.3,-0.25
2019-01-14,59.45,59.45,59.45,59.45,-0.73
2019-01-11,59.89,59.89,59.89,59.89,-2.01
2019-01-10,61.12,61.12,61.12,61.12,1.68
2019-01-09,60.11,60.11,60.11,60.11,4.43
2019-01-08,57.56,57.56,57.56,57.56,-0.33
2019-01-07,57.75,57.75,57.75,57.75,2.59
2019-01-04,56.29,56.29,56.29,56.29,4.47
2019-01-03,53.88,53.88,53.88,53.88,-0.43
2019-01-02,54.11,54.11,54.11,54.11,6.89
2019-01-01,50.62,50.62,50.62,50.62,0.0
2018-12-31,50.62,50.62,50.62,50.62,0.0
2018-12-28,50.62,50.62,50.62,50.62,-1.79
2018-12-27,51.54,51.54,51.54,51.54,-0.85
2018-12-26,51.98,51.98,51.98,51.98,0.0
2018-12-21,51.98,51.98,51.98,51.98,-1.72
2018-12-20,52.89,52.89,52.89,52.89,-4.79
2018-12-19,55.55,55.55,55.55,55.55,0.62
2018-12-18,55.21,55.21,55.21,55.21,-4.05
2018-12-17,57.54,57.54,57.54,57.54,-1.66
2018-12-14,58.51,58.51,58.51,58.51,-0.8
2018-12-13,58.98,58.98,58.98,58.98,-1.52
2018-12-12,59.89,59.89,59.89,59.89,0.35
2018-12-11,59.68,59.68,59.68,59.68,-0.93
2018-12-10,60.24,60.24,60.24,60.24,-2.3
2018-12-07,61.66,61.66,61.66,61.66,6.72
2018-12-06,57.78,57.78,57.78,57.78,-6.2
2018-12-05,61.6,61.6,61.6,61.6,0.29
2018-12-04,61.42,61.42,61.42,61.42,1.74
2018-12-03,60.37,60.37,60.37,60.37,4.25
2018-11-30,57.91,57.91,57.91,57.91,-0.99
2018-11-29,58.49,58.49,58.49,58.49,0.55
2018-11-28,58.17,58.17,58.17,58.17,-2.69
2018-11-27,59.78,59.78,59.78,59.78,-0.2
2018-11-26,59.9,59.9,59.9,59.9,3.47
2018-11-23,57.89,57.89,57.89,57.89,-5.58
2018-11-22,61.31,61.31,61.31,61.31,-0.87
2018-11-21,61.85,61.85,61.85,61.85,0.24
2018-11-20,61.7,61.7,61.7,61.7,-4.1
2018-11-19,64.34,64.34,64.34,64.34,-1.76
2018-11-16,65.49,65.49,65.49,65.49,0.43
2018-11-15,65.21,65.21,65.21,65.21,1.13
2018-11-14,64.48,64.48,64.48,64.48,-0.26
2018-11-13,64.65,64.65,64.65,64.65,-6.32
2018-11-12,69.01,69.01,69.01,69.01,1.17
2018-11-09,68.21,68.21,68.21,68.21,-0.41
2018-11-08,68.49,68.49,68.49,68.49,-1.17
2018-11-07,69.3,69.3,69.3,69.3,-0.77
2018-11-06,69.84,69.84,69.84,69.84,-2.84
2018-11-05,71.88,71.88,71.88,71.88,3.34
2018-11-02,69.56,69.56,69.56,69.56,-0.2
2018-11-01,69.7,69.7,69.7,69.7,-4.9
2018-10-31,73.29,73.29,73.29,73.29,-1.13
2018-10-30,74.13,74.13,74.13,74.13,-2.47
2018-10-29,76.01,76.01,76.01,76.01,0.21
2018-10-26,75.85,75.85,75.85,75.85,0.13
2018-10-25,75.75,75.75,75.75,75.75,-0.05
2018-10-24,75.79,75.79,75.79,75.79,-1.72
2018-10-23,77.12,77.12,77.12,77.12,-2.44
2018-10-22,79.05,79.05,79.05,79.05,-0.67
2018-10-19,79.58,79.58,79.58,79.58,0.1
2018-10-18,79.5,79.5,79.5,79.5,0.49
2018-10-17,79.11,79.11,79.11,79.11,-0.78
2018-10-16,79.73,79.73,79.73,79.73,-0.47
2018-10-15,80.11,80.11,80.11,80.11,0.25
2018-10-12,79.91,79.91,79.91,79.91,-0.61
2018-10-11,80.4,80.4,80.4,80.4,-2.98
2018-10-10,82.87,82.87,82.87,82.87,-1.59
2018-10-09,84.21,84.21,84.21,84.21,1.13
2018-10-08,83.27,83.27,83.27,83.27,-1.07
2018-10-05,84.17,84.17,84.17,84.17,-1.12
2018-10-04,85.12,85.12,85.12,85.12,0.73
2018-10-03,84.5,84.5,84.5,84.5,-0.21
2018-10-02,84.68,84.68,84.68,84.68,0.58
2018-10-01,84.19,84.19,84.19,84.19,2.58
2018-09-28,82.07,82.07,82.07,82.07,1.46
2018-09-27,80.89,80.89,80.89,80.89,-0.41
2018-09-26,81.22,81.22,81.22,81.22,-0.42
2018-09-25,81.56,81.56,81.56,81.56,1.65
2018-09-24,80.24,80.24,80.24,80.24,1.76
2018-09-21,78.85,78.85,78.85,78.85,-0.14
2018-09-20,78.96,78.96,78.96,78.96,-0.53
2018-09-19,79.38,79.38,79.38,79.38,0.23
2018-09-18,79.2,79.2,79.2,79.2,1.32
2018-09-17,78.17,78.17,78.17,78.17,0.84
2018-09-14,77.52,77.52,77.52,77.52,0.4
2018-09-13,77.21,77.21,77.21,77.21,-2.97
2018-09-12,79.57,79.57,79.57,79.57,2.31
2018-09-11,77.77,77.77,77.77,77.77,1.17
2018-09-10,76.87,76.87,76.87,76.87,1.61
2018-09-07,75.65,75.65,75.65,75.65,-0.16
2018-09-06,75.77,75.77,75.77,75.77,-1.32
2018-09-05,76.78,76.78,76.78,76.78,-1.07
2018-09-04,77.61,77.61,77.61,77.61,-0.39
2018-09-03,77.91,77.91,77.91,77.91,1.33
2018-08-31,76.89,76.89,76.89,76.89,-0.14
2018-08-30,77.0,77.0,77.0,77.0,1.91
2018-08-29,75.56,75.56,75.56,75.56,-0.26
2018-08-28,75.76,75.76,75.76,75.76,3.2
2018-08-24,73.41,73.41,73.41,73.41,1.56
2018-08-23,72.28,72.28,72.28,72.28,1.08
2018-08-22,71.51,71.51,71.51,71.51,1.87
2018-08-21,70.2,70.2,70.2,70.2,0.78
2018-08-20,69.66,69.66,69.66,69.66,1.41
2018-08-17,68.69,68.69,68.69,68.69,1.37
2018-08-16,67.76,67.76,67.76,67.76,1.24
2018-08-15,66.93,66.93,66.93,66.93,-3.45
2018-08-14,69.32,69.32,69.32,69.32,0.22
2018-08-13,69.17,69.17,69.17,69.17,-0.55
2018-08-10,69.55,69.55,69.55,69.55,0.65
2018-08-09,69.1,69.1,69.1,69.1,-0.23
2018-08-08,69.26,69.26,69.26,69.26,-2.26
2018-08-07,70.86,70.86,70.86,70.86,-0.28
2018-08-06,71.06,71.06,71.06,71.06,-0.03
2018-08-03,71.08,71.08,71.08,71.08,-0.66
2018-08-02,71.55,71.55,71.55,71.55,0.95
2018-08-01,70.88,70.88,70.88,70.88,-2.58
2018-07-31,72.76,72.76,72.76,72.76,-1.13
2018-07-30,73.59,73.59,73.59,73.59,0.27
2018-07-27,73.39,73.39,73.39,73.39,0.45
2018-07-26,73.06,73.06,73.06,73.06,1.16
2018-07-25,72.22,72.22,72.22,72.22,0.19
2018-07-24,72.08,72.08,72.08,72.08,0.18
2018-07-23,71.95,71.95,71.95,71.95,2.07
2018-07-20,70.49,70.49,70.49,70.49,0.14
2018-07-19,70.39,70.39,70.39,70.39,2.06
2018-07-18,68.97,68.97,68.97,68.97,-0.5
2018-07-17,69.32,69.32,69.32,69.32,-0.23
2018-07-16,69.48,69.48,69.48,69.48,-4.24
2018-07-13,72.56,72.56,72.56,72.56,2.83
2018-07-12,70.56,70.56,70.56,70.56,-4.39
